SET SESSION FOREIGN_KEY_CHECKS=0;

-- 角色
INSERT INTO sys_role (id, code, name, is_locked, remarks, create_by, create_date, update_by, update_date, del_flag) VALUES ('2000', 'supers', '超级开发', '0', '', '系统管理员(system)', '2020-09-08 13:55:07', '系统管理员(system)', '2023-01-23 17:11:00', '0');
INSERT INTO sys_role (id, code, name, is_locked, remarks, create_by, create_date, update_by, update_date, del_flag) VALUES ('2001', 'admins', '系统管理', '0', '', '系统管理员', '2019-07-23 15:35:15', '系统管理员(system)', '2023-01-23 14:44:36', '0');
INSERT INTO sys_role (id, code, name, is_locked, remarks, create_by, create_date, update_by, update_date, del_flag) VALUES ('2199', 'developers', '开发者', '0', '', '系统管理员(system)', '2023-01-23 17:10:35', '系统管理员(system)', '2023-01-23 17:13:29', '0');


-- 用户
INSERT INTO sys_user (id, role_id, name, organ, login_name, login_password, is_locked, email, remarks, create_by, create_date, update_by, update_date, del_flag) VALUES ('1000', '2000', '超级管理员', '', 'super', '9e59eb630c1019ac5747817e0e550e73', '0', '', '', '系统管理员(system)', '2020-12-02 11:50:05', '系统管理员(system)', '2020-12-02 12:49:14', '0');
INSERT INTO sys_user (id, role_id, name, organ, login_name, login_password, is_locked, email, remarks, create_by, create_date, update_by, update_date, del_flag) VALUES ('1001', '2001', '系统管理员', '', 'system', '0b8016b98b60b51f624b31915a00dfc9', '0', '', '', '系统管理员', '2019-07-23 17:08:59', '系统管理员(system)', '2020-12-02 12:49:04', '0');


-- 路由
INSERT INTO sys_router (id, code, url, parent_id, ids, name, sort, can_permission, is_locked, properties, remarks, create_by, create_date, update_by, update_date, del_flag, system_code, icon_id) VALUES ('3000', 'admin/user', 'user', '3004', '0.3004.3000.', '开发者管理', '1000', '1', '0', '{"meta": {"requiresAuth": true}, "cssClass": "users", "component": "RouterView", "nameFullPath": "系统管理/开发者管理"}', '', '系统管理员', '2019-07-23 09:02:29', '超级管理员(super)', '2023-01-30 20:09:43', '0', '0', '1357578242455838819');
INSERT INTO sys_router (id, code, url, parent_id, ids, name, sort, can_permission, is_locked, properties, remarks, create_by, create_date, update_by, update_date, del_flag, system_code, icon_id) VALUES ('3001', 'admin/role', 'role', '3004', '0.3004.3001.', '角色管理', '1030', '1', '0', '{"meta": {"requiresAuth": true}, "cssClass": "roles", "component": "RouterView", "nameFullPath": "系统管理/角色管理"}', '', '系统管理员', '2019-07-23 07:27:38', '超级管理员(super)', '2023-01-23 14:56:38', '0', '0', '1357578242455838817');
INSERT INTO sys_router (id, code, url, parent_id, ids, name, sort, can_permission, is_locked, properties, remarks, create_by, create_date, update_by, update_date, del_flag, system_code, icon_id) VALUES ('3003', 'admin/resource', 'resource', '3004', '0.3004.3003.', '资源管理', '7202', '1', '0', '{"meta": {"requiresAuth": true}, "cssClass": "resource", "component": "RouterView", "nameFullPath": "系统管理/资源管理"}', '', '系统管理员', '2019-07-19 06:18:24', '系统管理员(system)', '2020-09-08 15:00:57', '0', '0', null);
INSERT INTO sys_router (id, code, url, parent_id, ids, name, sort, can_permission, is_locked, properties, remarks, create_by, create_date, update_by, update_date, del_flag, system_code, icon_id) VALUES ('3004', '', '', '0', '0.3004.', '系统管理', '98000000', '1', '0', '{"meta": {"requiresAuth": false}, "cssClass": "sysManagement", "nameFullPath": "系统管理"}', '', '系统管理员', '2019-07-18 14:43:52', '超级管理员(super)', '2022-09-13 10:07:15', '0', '0', null);
INSERT INTO sys_router (id, code, url, parent_id, ids, name, sort, can_permission, is_locked, properties, remarks, create_by, create_date, update_by, update_date, del_flag, system_code, icon_id) VALUES ('3007', 'admin/router', 'router', '3004', '0.3004.3007.', '路由管理', '7101', '1', '0', '{"meta": {"requiresAuth": true}, "cssClass": "route", "component": "RouterView", "nameFullPath": "系统管理/路由管理"}', '', '系统管理员', '2019-07-18 14:43:52', '超级管理员(super)', '2022-12-08 11:32:39', '0', '0', null);
INSERT INTO sys_router (id, code, url, parent_id, ids, name, sort, can_permission, is_locked, properties, remarks, create_by, create_date, update_by, update_date, del_flag, system_code, icon_id) VALUES ('3009', 'sys/action', 'action', '3004', '0.3004.3009.', '操作日志', '200000', '1', '0', '{"meta": {"requiresAuth": true}, "cssClass": "logs", "component": "RouterView", "nameFullPath": "系统管理/操作日志"}', '', '系统管理员(system)', '2019-12-05 15:59:02', '超级管理员(super)', '2023-01-23 15:06:18', '0', '0', null);
INSERT INTO sys_router (id, code, url, parent_id, ids, name, sort, can_permission, is_locked, properties, remarks, create_by, create_date, update_by, update_date, del_flag, system_code, icon_id) VALUES ('3011', 'sys/dictType', 'dictType', '3004', '0.3004.3011.', '字典数据', '7505', '1', '0', '{"meta": {"requiresAuth": true}, "cssClass": "dataDictionary", "component": "RouterView", "nameFullPath": "系统管理/字典类型管理"}', '', '系统管理员', '2019-08-23 05:58:00', '系统管理员(system)', '2020-09-08 15:01:12', '0', '0', null);
INSERT INTO sys_router (id, code, url, parent_id, ids, name, sort, can_permission, is_locked, properties, remarks, create_by, create_date, update_by, update_date, del_flag, system_code, icon_id) VALUES ('3026', 'sys/theme', 'theme', '3004', '0.3004.3026.', '系统主题', '90000', '1', '0', '{"meta": {"requiresAuth": true}, "cssClass": "theme", "component": "RouterView", "nameFullPath": "系统管理/系统主题"}', '', '超级管理员(super)', '2021-07-16 14:29:31', '超级管理员(super)', '2021-07-16 14:29:31', '0', '0', null);
INSERT INTO sys_router (id, code, url, parent_id, ids, name, sort, can_permission, is_locked, properties, remarks, create_by, create_date, update_by, update_date, del_flag, system_code, icon_id) VALUES ('552789263395020803', 'homepage/components/oftenApp.vue', '02', '570619064204943406', '0.570619064204943406.552789263395020803.', '常用应用', '20000', '1', '0', '{"meta": {"requiresAuth": true}, "cssClass": "el-icon-menu", "component": "RouterView", "nameFullPath": "首页/常用应用"}', '', '超级管理员(super)', '2021-08-11 10:38:48', '超级管理员(super)', '2022-03-01 11:36:05', '0', '0', null);
INSERT INTO sys_router (id, code, url, parent_id, ids, name, sort, can_permission, is_locked, properties, remarks, create_by, create_date, update_by, update_date, del_flag, system_code, icon_id) VALUES ('552789263395020805', 'homepage/components/todayWork.vue', '04', '570619064204943406', '0.570619064204943406.552789263395020805.', '我的日程', '40000', '1', '0', '{"meta": {"requiresAuth": true}, "cssClass": "el-icon-menu", "component": "RouterView", "nameFullPath": "首页/我的日程"}', '', '超级管理员(super)', '2021-08-11 10:39:25', '超级管理员(super)', '2022-03-01 10:31:52', '0', '0', null);
INSERT INTO sys_router (id, code, url, parent_id, ids, name, sort, can_permission, is_locked, properties, remarks, create_by, create_date, update_by, update_date, del_flag, system_code, icon_id) VALUES ('552789263395020915', '01', '01', '570619064204943406', '0.570619064204943406.552789263395020915.', '个人信息', '3', '1', '1', '{"meta": {"requiresAuth": true}, "cssClass": "el-icon-menu", "component": "RouterView", "nameFullPath": "首页/个人信息"}', '', '超级管理员(super)', '2021-08-11 10:38:24', '超级管理员(super)', '2022-01-28 16:31:32', '0', '0', null);
INSERT INTO sys_router (id, code, url, parent_id, ids, name, sort, can_permission, is_locked, properties, remarks, create_by, create_date, update_by, update_date, del_flag, system_code, icon_id) VALUES ('570619064204943406', 'homepage/homepage', 'homepage', '0', '0.570619064204943406.', '首页', '1', '1', '0', '{"meta": {"requiresAuth": true}, "cssClass": "home", "component": "RouterView", "nameFullPath": "首页"}', '', '超级管理员(super)', '2021-08-11 10:37:30', '超级管理员(super)', '2023-01-09 18:15:08', '0', '0', null);
INSERT INTO sys_router (id, code, url, parent_id, ids, name, sort, can_permission, is_locked, properties, remarks, create_by, create_date, update_by, update_date, del_flag, system_code, icon_id) VALUES ('621406296569446436', '', '', '0', '0.621406296569446436.', '消息通知', '1020', '1', '1', '{"meta": {"requiresAuth": true}, "cssClass": "message", "component": "RouterView", "nameFullPath": "消息通知"}', '', '超级管理员(super)', '2021-09-14 15:44:12', '超级管理员(super)', '2023-02-23 12:36:26', '0', '0', null);
INSERT INTO sys_router (id, code, url, parent_id, ids, name, sort, can_permission, is_locked, properties, remarks, create_by, create_date, update_by, update_date, del_flag, system_code, icon_id) VALUES ('683902640570327041', 'schedule/scheduleJob', 'scheduleJob', '3004', '0.3004.683902640570327041.', '定时任务', '100000', '1', '0', '{"meta": {"requiresAuth": true}, "cssClass": "time", "component": "RouterView", "nameFullPath": "系统管理/定时任务"}', '', '超级管理员(super)', '2021-10-26 17:56:03', '超级管理员(super)', '2023-01-03 12:31:55', '0', '0', null);
INSERT INTO sys_router (id, code, url, parent_id, ids, name, sort, can_permission, is_locked, properties, remarks, create_by, create_date, update_by, update_date, del_flag, system_code, icon_id) VALUES ('723822523350949890', 'notice/noticeSend', 'notice', '621406296569446436', '0.621406296569446436.723822523350949890.', '消息发送', '1010', '1', '0', '{"meta": {"requiresAuth": true}, "cssClass": "msgRecord", "component": "RouterView", "nameFullPath": "消息通知/消息发送"}', '', '超级管理员(super)', '2021-11-22 15:27:54', '超级管理员(super)', '2023-03-16 10:49:38', '0', '0', null);
INSERT INTO sys_router (id, code, url, parent_id, ids, name, sort, can_permission, is_locked, properties, remarks, create_by, create_date, update_by, update_date, del_flag, system_code, icon_id) VALUES ('879380741260567087', 'homepage/components/Person.vue', '023', '570619064204943406', '0.570619064204943406.879380741260567087.', '个人信息', '50000', '1', '0', '{"meta": {"requiresAuth": true}, "cssClass": "el-icon-menu", "component": "RouterView", "nameFullPath": "首页/个人信息"}', '', '超级管理员(super)', '2022-03-07 11:09:12', '超级管理员(super)', '2022-03-07 11:09:12', '0', '0', null);
INSERT INTO sys_router (id, code, url, parent_id, ids, name, sort, can_permission, is_locked, properties, remarks, create_by, create_date, update_by, update_date, del_flag, system_code, icon_id) VALUES ('1088842448018653184', '', '', '0', '0.1088842448018653184.', '代码配置', '99000001', '1', '0', '{"meta": {"requiresAuth": false}, "cssClass": "code", "nameFullPath": "代码配置"}', '', '超级管理员(super)', '2022-07-26 13:19:21', '超级管理员(super)', '2023-01-23 15:04:24', '0', '0', null);
INSERT INTO sys_router (id, code, url, parent_id, ids, name, sort, can_permission, is_locked, properties, remarks, create_by, create_date, update_by, update_date, del_flag, system_code, icon_id) VALUES ('1088842448018653188', 'dc/dcScheme', 'dcScheme', '1088842448018653184', '0.1088842448018653184.1088842448018653188.', '后端方案', '20000', '1', '0', '{"meta": {"requiresAuth": true}, "cssClass": "scheme", "component": "RouterView", "nameFullPath": "代码配置/代码方案"}', '', '超级管理员(super)', '2022-07-26 13:21:25', '超级管理员(super)', '2023-01-23 15:03:51', '0', '0', null);
INSERT INTO sys_router (id, code, url, parent_id, ids, name, sort, can_permission, is_locked, properties, remarks, create_by, create_date, update_by, update_date, del_flag, system_code, icon_id) VALUES ('1154414160417153701', 'dc/dcTemplate', 'javaTemplate/:typeParam', '1088842448018653184', '0.1088842448018653184.1154414160417153701.', '后端模板', '10000', '1', '0', '{"meta": {"requiresAuth": true}, "cssClass": "business", "component": "RouterView", "nameFullPath": "代码配置/后端模板", "params": "1"}', '', '超级管理员(super)', '2022-09-09 10:03:25', '超级管理员(super)', '2023-01-23 15:04:14', '0', '0', null);
INSERT INTO sys_router (id, code, url, parent_id, ids, name, sort, can_permission, is_locked, properties, remarks, create_by, create_date, update_by, update_date, del_flag, system_code, icon_id) VALUES ('1162895604136402945', 'dc/dcClienScheme', 'dcClienScheme', '1088842448018653184', '0.1088842448018653184.1162895604136402945.', '前端方案', '30000', '1', '0', '{"meta": {"requiresAuth": true}, "cssClass": "scheme", "component": "RouterView", "nameFullPath": "代码配置/前端方案"}', '', '超级管理员(super)', '2022-09-14 10:40:14', '超级管理员(super)', '2023-01-23 15:03:36', '0', '0', null);
INSERT INTO sys_router (id, code, url, parent_id, ids, name, sort, can_permission, is_locked, properties, remarks, create_by, create_date, update_by, update_date, del_flag, system_code, icon_id) VALUES ('1258289971712164100', 'dc/dcTemplate', 'clienTemplate/:typeParam', '1088842448018653184', '0.1088842448018653184.1258289971712164100.', '前端模板', '10001', '1', '0', '{"meta": {"requiresAuth": true}, "cssClass": "business", "component": "RouterView", "nameFullPath": "代码配置/前端模板", "params": "0"}', '', '超级管理员(super)', '2022-11-23 16:01:08', '超级管理员(super)', '2023-01-23 15:04:03', '0', '0', null);
INSERT INTO sys_router (id, code, url, parent_id, ids, name, sort, can_permission, is_locked, properties, remarks, create_by, create_date, update_by, update_date, del_flag, system_code, icon_id) VALUES ('1351558450653388810', 'project/project', 'project', '1088842448018653184', '0.1088842448018653184.1351558450653388810.', '项目管理', '15000', '1', '0', '{"meta": {"requiresAuth": false}, "cssClass": "code", "nameFullPath": "代码配置/项目管理"}', '', '超级管理员(super)', '2023-01-19 13:37:08', '超级管理员(super)', '2023-01-23 15:08:26', '0', '0', null);
INSERT INTO sys_router (id, code, url, parent_id, ids, name, sort, can_permission, is_locked, properties, remarks, create_by, create_date, update_by, update_date, del_flag, system_code, icon_id) VALUES ('1368133244845719553', '', '', '0', '0.1368133244845719553.', '应用配置', '50000', '1', '0', '{"meta": {"requiresAuth": false}, "cssClass": "code", "nameFullPath": "应用配置"}', '', '超级管理员(super)', '2023-01-30 17:05:09', '超级管理员(super)', '2023-01-30 17:05:09', '0', '0', null);
INSERT INTO sys_router (id, code, url, parent_id, ids, name, sort, can_permission, is_locked, properties, remarks, create_by, create_date, update_by, update_date, del_flag, system_code, icon_id) VALUES ('1368133244845719556', 'micro/microApp', 'microApp', '1368133244845719553', '0.1368133244845719553.1368133244845719556.', '应用管理', '10000', '1', '0', '{"meta": {"requiresAuth": false}, "cssClass": "code", "nameFullPath": "应用配置/应用管理"}', '', '超级管理员(super)', '2023-01-30 17:09:55', '超级管理员(super)', '2023-01-30 17:49:47', '0', '0', null);
INSERT INTO sys_router (id, code, url, parent_id, ids, name, sort, can_permission, is_locked, properties, remarks, create_by, create_date, update_by, update_date, del_flag, system_code, icon_id) VALUES ('1368179321254895617', 'micro/microVersion', 'microVersion', '1368133244845719553', '0.1368133244845719553.1368179321254895617.', '版本管理', '20000', '1', '0', '{"meta": {"requiresAuth": false}, "cssClass": "code", "nameFullPath": "应用配置/版本管理"}', '', '超级管理员(super)', '2023-01-30 17:49:28', '超级管理员(super)', '2023-01-30 17:49:28', '0', '0', null);
INSERT INTO sys_router (id, code, url, parent_id, ids, name, sort, can_permission, is_locked, properties, remarks, create_by, create_date, update_by, update_date, del_flag, system_code, icon_id) VALUES ('1371186330938556420', 'dbtype/sysDbType', 'sysDbType', '1088842448018653184', '0.1088842448018653184.1371186330938556420.', '数据库类型', '500', '1', '0', '{"meta": {"requiresAuth": true}, "cssClass": "logs", "component": "RouterView", "nameFullPath": "代码配置/数据库类型"}', '', '超级管理员(super)', '2023-02-01 18:32:59', '超级管理员(super)', '2023-02-07 16:26:08', '0', '0', null);
INSERT INTO sys_router (id, code, url, parent_id, ids, name, sort, can_permission, is_locked, properties, remarks, create_by, create_date, update_by, update_date, del_flag, system_code, icon_id) VALUES ('1440433057862000642', 'dc/dcTemplate', 'mobileTemplate/:typeParam', '1088842448018653184', '0.1088842448018653184.1440433057862000642.', '移动端模板', '10002', '1', '0', '{"meta": {"requiresAuth": true}, "cssClass": "business", "component": "RouterView", "nameFullPath": "代码配置/移动端模板", "params": "2"}', '', '超级管理员(super)', '2023-03-20 10:26:53', '超级管理员(super)', '2023-03-20 13:12:41', '0', '0', null);
INSERT INTO sys_router (id, code, url, parent_id, ids, name, sort, can_permission, is_locked, properties, remarks, create_by, create_date, update_by, update_date, del_flag, system_code, icon_id) VALUES ('1440433057862000646', 'dc/dcMobileScheme', 'dcMobileScheme', '1088842448018653184', '0.1088842448018653184.1440433057862000646.', '移动端方案', '40000', '1', '0', '{"meta": {"requiresAuth": true}, "cssClass": "scheme", "component": "RouterView", "nameFullPath": "代码配置/移动端方案"}', '', '超级管理员(super)', '2023-03-20 10:30:17', '超级管理员(super)', '2023-03-20 10:30:28', '0', '0', null);


-- 资源
INSERT INTO sys_resource (id, name, code, url, permission, can_permission, is_default, is_locked, router_id, remarks, create_by, create_date, update_by, update_date, del_flag, properties) VALUES ('9000', '查询数据字典', 'dictType', '/dictType', 'dictType:list', '1', '0', '0', '3011', '', '系统管理员(system)', '2020-03-25 15:41:02', '系统管理员(system)', '2020-03-25 15:41:02', '0', '');
INSERT INTO sys_resource (id, name, code, url, permission, can_permission, is_default, is_locked, router_id, remarks, create_by, create_date, update_by, update_date, del_flag, properties) VALUES ('9001', '删除用户', 'user', '/user', 'user:delete', '1', '0', '0', '3000', '', '系统管理员', '2019-07-23 09:03:44', '系统管理员', '2019-07-23 09:03:44', '0', '');
INSERT INTO sys_resource (id, name, code, url, permission, can_permission, is_default, is_locked, router_id, remarks, create_by, create_date, update_by, update_date, del_flag, properties) VALUES ('9002', '导出角色', 'role', '/role', 'role:export', '1', '0', '0', '3001', '', '系统管理员', '2019-07-23 07:30:56', '系统管理员', '2019-07-23 07:30:56', '0', '');
INSERT INTO sys_resource (id, name, code, url, permission, can_permission, is_default, is_locked, router_id, remarks, create_by, create_date, update_by, update_date, del_flag, properties) VALUES ('9003', '删除数据字典', 'dictType', '/dictType', 'dictType:delete', '1', '0', '0', '3011', '', '系统管理员', '2019-08-23 06:00:44', '系统管理员', '2019-08-23 06:20:34', '0', '');
INSERT INTO sys_resource (id, name, code, url, permission, can_permission, is_default, is_locked, router_id, remarks, create_by, create_date, update_by, update_date, del_flag, properties) VALUES ('9004', '还原', 'action', '/action', 'action:restore', '1', '0', '0', '3009', '', '系统管理员(system)', '2019-12-12 14:46:02', '系统管理员(system)', '2019-12-12 14:49:56', '0', '');
INSERT INTO sys_resource (id, name, code, url, permission, can_permission, is_default, is_locked, router_id, remarks, create_by, create_date, update_by, update_date, del_flag, properties) VALUES ('9005', '修改资源', 'resource', '/resource', 'resource:update', '1', '0', '0', '3003', '', '系统管理员', '2019-07-19 14:54:12', '超级管理员(super)', '2022-12-20 16:08:05', '0', '');
INSERT INTO sys_resource (id, name, code, url, permission, can_permission, is_default, is_locked, router_id, remarks, create_by, create_date, update_by, update_date, del_flag, properties) VALUES ('9006', '查询用户', 'user', '/user', 'user:list', '1', '0', '0', '3000', '', '系统管理员(system)', '2020-03-25 15:40:23', '系统管理员(system)', '2020-03-25 15:40:23', '0', '');
INSERT INTO sys_resource (id, name, code, url, permission, can_permission, is_default, is_locked, router_id, remarks, create_by, create_date, update_by, update_date, del_flag, properties) VALUES ('9010', '添加用户', 'user', '/user', 'user:create', '1', '0', '0', '3000', '', '系统管理员', '2019-07-23 09:03:25', '系统管理员', '2019-07-23 09:03:25', '0', '');
INSERT INTO sys_resource (id, name, code, url, permission, can_permission, is_default, is_locked, router_id, remarks, create_by, create_date, update_by, update_date, del_flag, properties) VALUES ('9012', '查看日志', 'action', '/action', 'action:read', '1', '0', '0', '3009', '', '系统管理员(system)', '2019-12-05 16:02:02', '系统管理员(system)', '2019-12-05 16:02:02', '0', '');
INSERT INTO sys_resource (id, name, code, url, permission, can_permission, is_default, is_locked, router_id, remarks, create_by, create_date, update_by, update_date, del_flag, properties) VALUES ('9014', '添加角色', 'role', '/role', 'role:create', '1', '0', '0', '3001', '', '系统管理员', '2019-07-23 07:29:26', '系统管理员', '2019-07-23 07:29:26', '0', '');
INSERT INTO sys_resource (id, name, code, url, permission, can_permission, is_default, is_locked, router_id, remarks, create_by, create_date, update_by, update_date, del_flag, properties) VALUES ('9015', '删除角色', 'role', '/role', 'role:delete', '1', '0', '0', '3001', '', '系统管理员', '2019-07-23 07:30:13', '系统管理员', '2019-07-23 07:34:28', '0', '');
INSERT INTO sys_resource (id, name, code, url, permission, can_permission, is_default, is_locked, router_id, remarks, create_by, create_date, update_by, update_date, del_flag, properties) VALUES ('9016', '修改数据字典', 'dictType', '/dictType', 'dictType:update', '1', '0', '0', '3011', '', '系统管理员', '2019-08-23 06:00:19', '系统管理员', '2019-08-23 06:20:43', '0', '');
INSERT INTO sys_resource (id, name, code, url, permission, can_permission, is_default, is_locked, router_id, remarks, create_by, create_date, update_by, update_date, del_flag, properties) VALUES ('9018', '导出资源', 'resource', '/resource', 'resource:export', '1', '0', '0', '3003', '', '系统管理员', '2019-07-19 14:54:12', '超级管理员(super)', '2022-12-20 16:10:54', '0', '');
INSERT INTO sys_resource (id, name, code, url, permission, can_permission, is_default, is_locked, router_id, remarks, create_by, create_date, update_by, update_date, del_flag, properties) VALUES ('9019', '添加数据字典', 'dictType', '/dictType', 'dictType:create', '1', '0', '0', '3011', '', '系统管理员', '2019-08-23 05:59:10', '系统管理员', '2019-08-23 06:20:50', '0', '');
INSERT INTO sys_resource (id, name, code, url, permission, can_permission, is_default, is_locked, router_id, remarks, create_by, create_date, update_by, update_date, del_flag, properties) VALUES ('9020', '导出路由', 'router', '/router', 'router:export', '1', '0', '0', '3007', '', '系统管理员', '2019-07-19 14:54:12', '系统管理员', '2019-07-19 14:54:12', '0', '');
INSERT INTO sys_resource (id, name, code, url, permission, can_permission, is_default, is_locked, router_id, remarks, create_by, create_date, update_by, update_date, del_flag, properties) VALUES ('9021', '添加路由', 'router', '/router', 'router:create', '1', '0', '0', '3007', '', '系统管理员', '2019-07-19 14:54:12', '系统管理员', '2019-07-19 14:54:12', '0', '');
INSERT INTO sys_resource (id, name, code, url, permission, can_permission, is_default, is_locked, router_id, remarks, create_by, create_date, update_by, update_date, del_flag, properties) VALUES ('9022', '查询日志', 'action', '/action', 'action:list', '1', '0', '0', '3009', '', '系统管理员(system)', '2020-03-25 15:41:46', '系统管理员(system)', '2020-03-25 15:41:46', '0', '');
INSERT INTO sys_resource (id, name, code, url, permission, can_permission, is_default, is_locked, router_id, remarks, create_by, create_date, update_by, update_date, del_flag, properties) VALUES ('9023', '查询角色', 'role', '/role', 'role:list', '1', '0', '0', '3001', '', '系统管理员(system)', '2020-03-25 15:39:35', '超级管理员(super)', '2023-01-05 20:16:06', '0', '');
INSERT INTO sys_resource (id, name, code, url, permission, can_permission, is_default, is_locked, router_id, remarks, create_by, create_date, update_by, update_date, del_flag, properties) VALUES ('9024', '导出数据字典', 'dictType', '/dictType', 'dictType:export', '1', '0', '0', '3011', '', '系统管理员', '2019-08-23 06:01:29', '系统管理员', '2019-08-23 06:20:11', '0', '');
INSERT INTO sys_resource (id, name, code, url, permission, can_permission, is_default, is_locked, router_id, remarks, create_by, create_date, update_by, update_date, del_flag, properties) VALUES ('9026', '查看角色', 'role', '/role', 'role:read', '1', '0', '0', '3001', '', '系统管理员', '2019-07-23 07:30:36', '系统管理员', '2019-07-23 07:30:36', '0', '');
INSERT INTO sys_resource (id, name, code, url, permission, can_permission, is_default, is_locked, router_id, remarks, create_by, create_date, update_by, update_date, del_flag, properties) VALUES ('9027', '修改路由', 'router', '/router', 'router:update', '1', '0', '0', '3007', '', '系统管理员', '2019-07-19 14:54:12', '系统管理员', '2019-07-19 14:54:12', '0', '');
INSERT INTO sys_resource (id, name, code, url, permission, can_permission, is_default, is_locked, router_id, remarks, create_by, create_date, update_by, update_date, del_flag, properties) VALUES ('9029', '删除资源', 'resource', '/resource', 'resource:delete', '1', '0', '0', '3003', '', '系统管理员', '2019-07-19 07:18:09', '超级管理员(super)', '2022-12-20 16:08:15', '0', '');
INSERT INTO sys_resource (id, name, code, url, permission, can_permission, is_default, is_locked, router_id, remarks, create_by, create_date, update_by, update_date, del_flag, properties) VALUES ('9031', '查看用户', 'user', '/user', 'user:read', '1', '0', '0', '3000', '', '系统管理员', '2019-07-23 09:04:43', '系统管理员', '2019-07-23 09:04:43', '0', '');
INSERT INTO sys_resource (id, name, code, url, permission, can_permission, is_default, is_locked, router_id, remarks, create_by, create_date, update_by, update_date, del_flag, properties) VALUES ('9034', '修改角色', 'role', '/role', 'role:update', '1', '0', '0', '3001', '', '系统管理员', '2019-07-23 07:29:48', '系统管理员', '2019-07-23 07:29:48', '0', '');
INSERT INTO sys_resource (id, name, code, url, permission, can_permission, is_default, is_locked, router_id, remarks, create_by, create_date, update_by, update_date, del_flag, properties) VALUES ('9036', '查看路由', 'router', '/router', 'router:read', '1', '0', '0', '3007', '', '系统管理员', '2019-07-19 14:54:12', '超级管理员(super)', '2022-12-08 13:35:23', '0', '');
INSERT INTO sys_resource (id, name, code, url, permission, can_permission, is_default, is_locked, router_id, remarks, create_by, create_date, update_by, update_date, del_flag, properties) VALUES ('9037', '创建资源', 'resource', '/resource', 'resource:create', '1', '0', '0', '3003', '', '系统管理员', '2019-07-19 14:54:12', '超级管理员(super)', '2022-12-20 16:08:12', '0', '');
INSERT INTO sys_resource (id, name, code, url, permission, can_permission, is_default, is_locked, router_id, remarks, create_by, create_date, update_by, update_date, del_flag, properties) VALUES ('9039', '查询路由', 'router', '/router', 'router:list', '1', '0', '0', '3007', '', '系统管理员(system)', '2020-03-25 15:38:35', '系统管理员(system)', '2020-03-25 15:38:35', '0', '');
INSERT INTO sys_resource (id, name, code, url, permission, can_permission, is_default, is_locked, router_id, remarks, create_by, create_date, update_by, update_date, del_flag, properties) VALUES ('9040', '隐藏日志', 'action', '/action', 'action:delete', '1', '0', '1', '3009', '', '系统管理员(system)', '2019-12-12 14:48:25', '超级管理员(super)', '2022-12-22 14:29:33', '0', '');
INSERT INTO sys_resource (id, name, code, url, permission, can_permission, is_default, is_locked, router_id, remarks, create_by, create_date, update_by, update_date, del_flag, properties) VALUES ('9042', '删除路由', 'router', '/router', 'router:delete', '1', '0', '0', '3007', '', '系统管理员', '2019-07-19 14:54:12', '系统管理员', '2019-07-19 14:54:12', '0', '');
INSERT INTO sys_resource (id, name, code, url, permission, can_permission, is_default, is_locked, router_id, remarks, create_by, create_date, update_by, update_date, del_flag, properties) VALUES ('9043', '导出日志', 'action', '/action', 'action:export', '1', '0', '0', '3009', '', '系统管理员(system)', '2019-12-05 16:02:49', '系统管理员(system)', '2019-12-05 16:02:49', '0', '');
INSERT INTO sys_resource (id, name, code, url, permission, can_permission, is_default, is_locked, router_id, remarks, create_by, create_date, update_by, update_date, del_flag, properties) VALUES ('9044', '查询资源', 'resource', '/resource', 'resource:list', '1', '0', '0', '3003', '', '系统管理员(system)', '2020-03-25 15:39:08', '超级管理员(super)', '2022-12-20 16:11:02', '0', '');
INSERT INTO sys_resource (id, name, code, url, permission, can_permission, is_default, is_locked, router_id, remarks, create_by, create_date, update_by, update_date, del_flag, properties) VALUES ('9047', '查看数据字典', 'dictType', '/dictType', 'dictType:read', '1', '0', '0', '3011', '', '系统管理员', '2019-08-23 06:01:14', '系统管理员(system)', '2020-03-25 15:40:45', '0', '');
INSERT INTO sys_resource (id, name, code, url, permission, can_permission, is_default, is_locked, router_id, remarks, create_by, create_date, update_by, update_date, del_flag, properties) VALUES ('9048', '查看资源', 'resource', '/resource', 'resource:read', '1', '0', '0', '3003', '', '系统管理员', '2019-07-19 14:54:12', '超级管理员(super)', '2022-12-20 16:10:59', '0', '');
INSERT INTO sys_resource (id, name, code, url, permission, can_permission, is_default, is_locked, router_id, remarks, create_by, create_date, update_by, update_date, del_flag, properties) VALUES ('9049', '导出用户', 'user', '/user', 'user:export', '1', '0', '0', '3000', '', '系统管理员', '2019-07-23 09:05:02', '系统管理员', '2019-07-23 09:05:02', '0', '');
INSERT INTO sys_resource (id, name, code, url, permission, can_permission, is_default, is_locked, router_id, remarks, create_by, create_date, update_by, update_date, del_flag, properties) VALUES ('9052', '修改用户', 'user', '/user', 'user:update', '1', '0', '0', '3000', '', '系统管理员', '2019-07-23 09:04:04', '系统管理员', '2019-07-23 09:04:04', '0', '');
INSERT INTO sys_resource (id, name, code, url, permission, can_permission, is_default, is_locked, router_id, remarks, create_by, create_date, update_by, update_date, del_flag, properties) VALUES ('9305', '查看系统主题', 'sys/theme', 'theme', 'theme:read', '1', '0', '0', '3026', '', '超级管理员(super)', '2021-07-16 14:29:43', '超级管理员(super)', '2021-07-16 14:29:43', '0', '');
INSERT INTO sys_resource (id, name, code, url, permission, can_permission, is_default, is_locked, router_id, remarks, create_by, create_date, update_by, update_date, del_flag, properties) VALUES ('9306', '删除系统主题', 'sys/theme', 'theme', 'theme:delete', '1', '0', '0', '3026', '', '超级管理员(super)', '2021-07-16 14:29:43', '超级管理员(super)', '2021-07-16 14:29:43', '0', '');
INSERT INTO sys_resource (id, name, code, url, permission, can_permission, is_default, is_locked, router_id, remarks, create_by, create_date, update_by, update_date, del_flag, properties) VALUES ('9307', '更新系统主题', 'sys/theme', 'theme', 'theme:update', '1', '0', '0', '3026', '', '超级管理员(super)', '2021-07-16 14:29:43', '超级管理员(super)', '2021-07-16 14:29:43', '0', '');
INSERT INTO sys_resource (id, name, code, url, permission, can_permission, is_default, is_locked, router_id, remarks, create_by, create_date, update_by, update_date, del_flag, properties) VALUES ('9308', '导出系统主题', 'sys/theme', 'theme', 'theme:export', '1', '0', '0', '3026', '', '超级管理员(super)', '2021-07-16 14:29:43', '超级管理员(super)', '2021-07-16 14:29:43', '0', '');
INSERT INTO sys_resource (id, name, code, url, permission, can_permission, is_default, is_locked, router_id, remarks, create_by, create_date, update_by, update_date, del_flag, properties) VALUES ('9309', '添加系统主题', 'sys/theme', 'theme', 'theme:create', '1', '0', '0', '3026', '', '超级管理员(super)', '2021-07-16 14:29:43', '超级管理员(super)', '2021-07-16 14:29:43', '0', '');
INSERT INTO sys_resource (id, name, code, url, permission, can_permission, is_default, is_locked, router_id, remarks, create_by, create_date, update_by, update_date, del_flag, properties) VALUES ('9310', '查询系统主题', 'sys/theme', 'theme', 'theme:list', '1', '0', '0', '3026', '', '超级管理员(super)', '2021-07-16 14:29:43', '超级管理员(super)', '2021-07-16 14:29:43', '0', '');
INSERT INTO sys_resource (id, name, code, url, permission, can_permission, is_default, is_locked, router_id, remarks, create_by, create_date, update_by, update_date, del_flag, properties) VALUES ('664172814948868268', '查询个人信息', '01', '01', '01:list', '1', '0', '0', '552789263395020915', '', '超级管理员(super)', '2021-10-13 15:02:37', '超级管理员(super)', '2023-01-05 19:56:19', '0', '');
INSERT INTO sys_resource (id, name, code, url, permission, can_permission, is_default, is_locked, router_id, remarks, create_by, create_date, update_by, update_date, del_flag, properties) VALUES ('664172814948868270', '查看个人信息', '01', '01', '01:read', '1', '0', '0', '552789263395020915', '', '超级管理员(super)', '2021-10-13 15:02:37', '超级管理员(super)', '2021-10-13 15:02:37', '0', '');
INSERT INTO sys_resource (id, name, code, url, permission, can_permission, is_default, is_locked, router_id, remarks, create_by, create_date, update_by, update_date, del_flag, properties) VALUES ('664172814948868271', '添加个人信息', '01', '01', '01:create', '1', '0', '0', '552789263395020915', '', '超级管理员(super)', '2021-10-13 15:02:37', '超级管理员(super)', '2021-10-13 15:02:37', '0', '');
INSERT INTO sys_resource (id, name, code, url, permission, can_permission, is_default, is_locked, router_id, remarks, create_by, create_date, update_by, update_date, del_flag, properties) VALUES ('664172814948868272', '导出个人信息', '01', '01', '01:export', '1', '0', '0', '552789263395020915', '', '超级管理员(super)', '2021-10-13 15:02:37', '超级管理员(super)', '2021-10-13 15:02:37', '0', '');
INSERT INTO sys_resource (id, name, code, url, permission, can_permission, is_default, is_locked, router_id, remarks, create_by, create_date, update_by, update_date, del_flag, properties) VALUES ('664172814948868273', '删除个人信息', '01', '01', '01:delete', '1', '0', '0', '552789263395020915', '', '超级管理员(super)', '2021-10-13 15:02:37', '超级管理员(super)', '2021-10-13 15:02:37', '0', '');
INSERT INTO sys_resource (id, name, code, url, permission, can_permission, is_default, is_locked, router_id, remarks, create_by, create_date, update_by, update_date, del_flag, properties) VALUES ('664172814948868274', '更新个人信息', '01', '01', '01:update', '1', '0', '0', '552789263395020915', '', '超级管理员(super)', '2021-10-13 15:02:37', '超级管理员(super)', '2021-10-13 15:02:37', '0', '');
INSERT INTO sys_resource (id, name, code, url, permission, can_permission, is_default, is_locked, router_id, remarks, create_by, create_date, update_by, update_date, del_flag, properties) VALUES ('664172814948868280', '查看常用应用', '02', '02', '02:read', '1', '1', '0', '552789263395020803', '', '超级管理员(super)', '2021-10-13 15:02:44', '超级管理员(super)', '2022-01-28 17:12:35', '0', '');
INSERT INTO sys_resource (id, name, code, url, permission, can_permission, is_default, is_locked, router_id, remarks, create_by, create_date, update_by, update_date, del_flag, properties) VALUES ('664172814948868281', '导出常用应用', '02', '02', '02:export', '1', '0', '0', '552789263395020803', '', '超级管理员(super)', '2021-10-13 15:02:44', '超级管理员(super)', '2021-10-13 15:02:44', '0', '');
INSERT INTO sys_resource (id, name, code, url, permission, can_permission, is_default, is_locked, router_id, remarks, create_by, create_date, update_by, update_date, del_flag, properties) VALUES ('664172814948868282', '查询常用应用', '02', '02', '02:list', '1', '0', '0', '552789263395020803', '', '超级管理员(super)', '2021-10-13 15:02:44', '超级管理员(super)', '2021-10-13 15:02:44', '0', '');
INSERT INTO sys_resource (id, name, code, url, permission, can_permission, is_default, is_locked, router_id, remarks, create_by, create_date, update_by, update_date, del_flag, properties) VALUES ('664172814948868283', '更新常用应用', '02', '02', '02:update', '1', '0', '0', '552789263395020803', '', '超级管理员(super)', '2021-10-13 15:02:44', '超级管理员(super)', '2021-10-13 15:02:44', '0', '');
INSERT INTO sys_resource (id, name, code, url, permission, can_permission, is_default, is_locked, router_id, remarks, create_by, create_date, update_by, update_date, del_flag, properties) VALUES ('664172814948868284', '删除常用应用', '02', '02', '02:delete', '1', '0', '0', '552789263395020803', '', '超级管理员(super)', '2021-10-13 15:02:44', '超级管理员(super)', '2021-10-13 15:02:44', '0', '');
INSERT INTO sys_resource (id, name, code, url, permission, can_permission, is_default, is_locked, router_id, remarks, create_by, create_date, update_by, update_date, del_flag, properties) VALUES ('664172814948868285', '添加常用应用', '02', '02', '02:create', '1', '0', '0', '552789263395020803', '', '超级管理员(super)', '2021-10-13 15:02:44', '超级管理员(super)', '2021-10-13 15:02:44', '0', '');
INSERT INTO sys_resource (id, name, code, url, permission, can_permission, is_default, is_locked, router_id, remarks, create_by, create_date, update_by, update_date, del_flag, properties) VALUES ('664172814948868304', '添加我的日程', '04', '04', '04:create', '1', '1', '0', '552789263395020805', '', '超级管理员(super)', '2021-10-13 15:02:51', '超级管理员(super)', '2022-01-28 17:12:58', '0', '');
INSERT INTO sys_resource (id, name, code, url, permission, can_permission, is_default, is_locked, router_id, remarks, create_by, create_date, update_by, update_date, del_flag, properties) VALUES ('664172814948868305', '删除我的日程', '04', '04', '04:delete', '1', '0', '0', '552789263395020805', '', '超级管理员(super)', '2021-10-13 15:02:51', '超级管理员(super)', '2021-10-13 15:02:51', '0', '');
INSERT INTO sys_resource (id, name, code, url, permission, can_permission, is_default, is_locked, router_id, remarks, create_by, create_date, update_by, update_date, del_flag, properties) VALUES ('664172814948868306', '查询我的日程', '04', '04', '04:list', '1', '0', '0', '552789263395020805', '', '超级管理员(super)', '2021-10-13 15:02:51', '超级管理员(super)', '2021-10-13 15:02:51', '0', '');
INSERT INTO sys_resource (id, name, code, url, permission, can_permission, is_default, is_locked, router_id, remarks, create_by, create_date, update_by, update_date, del_flag, properties) VALUES ('664172814948868307', '导出我的日程', '04', '04', '04:export', '1', '0', '0', '552789263395020805', '', '超级管理员(super)', '2021-10-13 15:02:51', '超级管理员(super)', '2021-10-13 15:02:51', '0', '');
INSERT INTO sys_resource (id, name, code, url, permission, can_permission, is_default, is_locked, router_id, remarks, create_by, create_date, update_by, update_date, del_flag, properties) VALUES ('664172814948868308', '查看我的日程', '04', '04', '04:read', '1', '0', '0', '552789263395020805', '', '超级管理员(super)', '2021-10-13 15:02:51', '超级管理员(super)', '2021-10-13 15:02:51', '0', '');
INSERT INTO sys_resource (id, name, code, url, permission, can_permission, is_default, is_locked, router_id, remarks, create_by, create_date, update_by, update_date, del_flag, properties) VALUES ('664172814948868309', '更新我的日程', '04', '04', '04:update', '1', '0', '0', '552789263395020805', '', '超级管理员(super)', '2021-10-13 15:02:51', '超级管理员(super)', '2021-10-13 15:02:51', '0', '');
INSERT INTO sys_resource (id, name, code, url, permission, can_permission, is_default, is_locked, router_id, remarks, create_by, create_date, update_by, update_date, del_flag, properties) VALUES ('683902640570327047', '查询定时任务', 'schedule/scheduleJob', 'scheduleJob', 'scheduleJob:list', '1', '0', '0', '683902640570327041', '', '超级管理员(super)', '2021-10-26 17:56:39', '超级管理员(super)', '2021-10-26 17:56:39', '0', '');
INSERT INTO sys_resource (id, name, code, url, permission, can_permission, is_default, is_locked, router_id, remarks, create_by, create_date, update_by, update_date, del_flag, properties) VALUES ('683902640570327049', '查看定时任务', 'schedule/scheduleJob', 'scheduleJob', 'scheduleJob:read', '1', '0', '0', '683902640570327041', '', '超级管理员(super)', '2021-10-26 17:56:39', '超级管理员(super)', '2021-10-26 17:56:39', '0', '');
INSERT INTO sys_resource (id, name, code, url, permission, can_permission, is_default, is_locked, router_id, remarks, create_by, create_date, update_by, update_date, del_flag, properties) VALUES ('683902640570327050', '添加定时任务', 'schedule/scheduleJob', 'scheduleJob', 'scheduleJob:create', '1', '0', '0', '683902640570327041', '', '超级管理员(super)', '2021-10-26 17:56:39', '超级管理员(super)', '2021-10-26 17:56:39', '0', '');
INSERT INTO sys_resource (id, name, code, url, permission, can_permission, is_default, is_locked, router_id, remarks, create_by, create_date, update_by, update_date, del_flag, properties) VALUES ('683902640570327051', '导出定时任务', 'schedule/scheduleJob', 'scheduleJob', 'scheduleJob:export', '1', '0', '0', '683902640570327041', '', '超级管理员(super)', '2021-10-26 17:56:39', '超级管理员(super)', '2021-10-26 17:56:39', '0', '');
INSERT INTO sys_resource (id, name, code, url, permission, can_permission, is_default, is_locked, router_id, remarks, create_by, create_date, update_by, update_date, del_flag, properties) VALUES ('683902640570327052', '更新定时任务', 'schedule/scheduleJob', 'scheduleJob', 'scheduleJob:update', '1', '0', '0', '683902640570327041', '', '超级管理员(super)', '2021-10-26 17:56:39', '超级管理员(super)', '2021-10-26 17:56:39', '0', '');
INSERT INTO sys_resource (id, name, code, url, permission, can_permission, is_default, is_locked, router_id, remarks, create_by, create_date, update_by, update_date, del_flag, properties) VALUES ('683902640570327056', '删除定时任务', 'schedule/scheduleJob', 'scheduleJob', 'scheduleJob:delete', '1', '0', '0', '683902640570327041', '', '超级管理员(super)', '2021-10-26 17:56:39', '超级管理员(super)', '2021-10-26 17:56:39', '0', '');
INSERT INTO sys_resource (id, name, code, url, permission, can_permission, is_default, is_locked, router_id, remarks, create_by, create_date, update_by, update_date, del_flag, properties) VALUES ('723863892476010510', '更新消息发送', 'noticesend/noticeSend', 'noticesend', 'noticeSend:update', '1', '0', '0', '723822523350949890', '', '超级管理员(super)', '2021-11-22 16:01:31', '超级管理员(super)', '2021-11-22 16:01:31', '0', '');
INSERT INTO sys_resource (id, name, code, url, permission, can_permission, is_default, is_locked, router_id, remarks, create_by, create_date, update_by, update_date, del_flag, properties) VALUES ('723863892476010511', '添加消息发送', 'noticesend/noticeSend', 'noticesend', 'noticeSend:create', '1', '0', '0', '723822523350949890', '', '超级管理员(super)', '2021-11-22 16:01:31', '超级管理员(super)', '2021-11-22 16:01:31', '0', '');
INSERT INTO sys_resource (id, name, code, url, permission, can_permission, is_default, is_locked, router_id, remarks, create_by, create_date, update_by, update_date, del_flag, properties) VALUES ('723863892476010512', '查询消息发送', 'noticesend/noticeSend', 'noticesend', 'noticeSend:list', '1', '0', '0', '723822523350949890', '', '超级管理员(super)', '2021-11-22 16:01:31', '超级管理员(super)', '2021-11-22 16:01:31', '0', '');
INSERT INTO sys_resource (id, name, code, url, permission, can_permission, is_default, is_locked, router_id, remarks, create_by, create_date, update_by, update_date, del_flag, properties) VALUES ('723863892476010514', '删除消息发送', 'noticesend/noticeSend', 'noticesend', 'noticeSend:delete', '1', '0', '0', '723822523350949890', '', '超级管理员(super)', '2021-11-22 16:01:31', '超级管理员(super)', '2021-11-22 16:01:31', '0', '');
INSERT INTO sys_resource (id, name, code, url, permission, can_permission, is_default, is_locked, router_id, remarks, create_by, create_date, update_by, update_date, del_flag, properties) VALUES ('723863892476010515', '查看消息发送', 'noticesend/noticeSend', 'noticesend', 'noticeSend:read', '1', '0', '0', '723822523350949890', '', '超级管理员(super)', '2021-11-22 16:01:31', '超级管理员(super)', '2021-11-22 16:01:31', '0', '');
INSERT INTO sys_resource (id, name, code, url, permission, can_permission, is_default, is_locked, router_id, remarks, create_by, create_date, update_by, update_date, del_flag, properties) VALUES ('723863892476010518', '导出消息发送', 'noticesend/noticeSend', 'noticesend', 'noticeSend:export', '1', '0', '0', '723822523350949890', '', '超级管理员(super)', '2021-11-22 16:01:31', '超级管理员(super)', '2021-11-22 16:01:31', '0', '');
INSERT INTO sys_resource (id, name, code, url, permission, can_permission, is_default, is_locked, router_id, remarks, create_by, create_date, update_by, update_date, del_flag, properties) VALUES ('879380741260567093', '查询个人信息', 'homepage/components/Person.vue', '023', 'Person.vue:list', '1', '0', '0', '879380741260567087', '', '超级管理员(super)', '2022-03-07 11:10:03', '超级管理员(super)', '2022-03-07 11:10:03', '0', '');
INSERT INTO sys_resource (id, name, code, url, permission, can_permission, is_default, is_locked, router_id, remarks, create_by, create_date, update_by, update_date, del_flag, properties) VALUES ('879380741260567095', '导出个人信息', 'homepage/components/Person.vue', '023', 'Person.vue:export', '1', '0', '0', '879380741260567087', '', '超级管理员(super)', '2022-03-07 11:10:03', '超级管理员(super)', '2022-03-07 11:10:03', '0', '');
INSERT INTO sys_resource (id, name, code, url, permission, can_permission, is_default, is_locked, router_id, remarks, create_by, create_date, update_by, update_date, del_flag, properties) VALUES ('879380741260567096', '添加个人信息', 'homepage/components/Person.vue', '023', 'Person.vue:create', '1', '0', '0', '879380741260567087', '', '超级管理员(super)', '2022-03-07 11:10:03', '超级管理员(super)', '2022-03-07 11:10:03', '0', '');
INSERT INTO sys_resource (id, name, code, url, permission, can_permission, is_default, is_locked, router_id, remarks, create_by, create_date, update_by, update_date, del_flag, properties) VALUES ('879380741260567097', '查看个人信息', 'homepage/components/Person.vue', '023', 'Person.vue:read', '1', '0', '0', '879380741260567087', '', '超级管理员(super)', '2022-03-07 11:10:03', '超级管理员(super)', '2022-03-07 11:10:03', '0', '');
INSERT INTO sys_resource (id, name, code, url, permission, can_permission, is_default, is_locked, router_id, remarks, create_by, create_date, update_by, update_date, del_flag, properties) VALUES ('879380741260567101', '删除个人信息', 'homepage/components/Person.vue', '023', 'Person.vue:delete', '1', '0', '0', '879380741260567087', '', '超级管理员(super)', '2022-03-07 11:10:04', '超级管理员(super)', '2022-03-07 11:10:04', '0', '');
INSERT INTO sys_resource (id, name, code, url, permission, can_permission, is_default, is_locked, router_id, remarks, create_by, create_date, update_by, update_date, del_flag, properties) VALUES ('879380741260567103', '更新个人信息', 'homepage/components/Person.vue', '023', 'Person.vue:update', '1', '0', '0', '879380741260567087', '', '超级管理员(super)', '2022-03-07 11:10:04', '超级管理员(super)', '2022-03-07 11:10:04', '0', '');
INSERT INTO sys_resource (id, name, code, url, permission, can_permission, is_default, is_locked, router_id, remarks, create_by, create_date, update_by, update_date, del_flag, properties) VALUES ('1088842448018653190', '更新代码方案', 'dc/dcScheme', 'dcScheme', 'dcScheme:update', '1', '0', '0', '1088842448018653188', '', '超级管理员(super)', '2022-07-26 13:21:45', '超级管理员(super)', '2022-07-26 13:21:45', '0', '');
INSERT INTO sys_resource (id, name, code, url, permission, can_permission, is_default, is_locked, router_id, remarks, create_by, create_date, update_by, update_date, del_flag, properties) VALUES ('1088842448018653191', '导出代码方案', 'dc/dcScheme', 'dcScheme', 'dcScheme:export', '1', '0', '0', '1088842448018653188', '', '超级管理员(super)', '2022-07-26 13:21:45', '超级管理员(super)', '2022-07-26 13:21:45', '0', '');
INSERT INTO sys_resource (id, name, code, url, permission, can_permission, is_default, is_locked, router_id, remarks, create_by, create_date, update_by, update_date, del_flag, properties) VALUES ('1088842448018653192', '查询代码方案', 'dc/dcScheme', 'dcScheme', 'dcScheme:list', '1', '0', '0', '1088842448018653188', '', '超级管理员(super)', '2022-07-26 13:21:45', '超级管理员(super)', '2022-07-26 13:21:45', '0', '');
INSERT INTO sys_resource (id, name, code, url, permission, can_permission, is_default, is_locked, router_id, remarks, create_by, create_date, update_by, update_date, del_flag, properties) VALUES ('1088842448018653193', '查看代码方案', 'dc/dcScheme', 'dcScheme', 'dcScheme:read', '1', '0', '0', '1088842448018653188', '', '超级管理员(super)', '2022-07-26 13:21:45', '超级管理员(super)', '2022-07-26 13:21:45', '0', '');
INSERT INTO sys_resource (id, name, code, url, permission, can_permission, is_default, is_locked, router_id, remarks, create_by, create_date, update_by, update_date, del_flag, properties) VALUES ('1088842448018653194', '添加代码方案', 'dc/dcScheme', 'dcScheme', 'dcScheme:create', '1', '0', '0', '1088842448018653188', '', '超级管理员(super)', '2022-07-26 13:21:45', '超级管理员(super)', '2022-07-26 13:21:45', '0', '');
INSERT INTO sys_resource (id, name, code, url, permission, can_permission, is_default, is_locked, router_id, remarks, create_by, create_date, update_by, update_date, del_flag, properties) VALUES ('1088842448018653196', '删除代码方案', 'dc/dcScheme', 'dcScheme', 'dcScheme:delete', '1', '0', '0', '1088842448018653188', '', '超级管理员(super)', '2022-07-26 13:21:45', '超级管理员(super)', '2022-07-26 13:21:45', '0', '');
INSERT INTO sys_resource (id, name, code, url, permission, can_permission, is_default, is_locked, router_id, remarks, create_by, create_date, update_by, update_date, del_flag, properties) VALUES ('1130517735470399508', '定时任务状态', 'schedule/scheduleJob', 'scheduleJob', 'scheduleJob:status', '1', '0', '0', '683902640570327041', 'status：定时任务状态，0暂停 1启动', '超级管理员(super)', '2022-08-23 15:37:44', '超级管理员(super)', '2022-08-23 15:56:21', '0', '');
INSERT INTO sys_resource (id, name, code, url, permission, can_permission, is_default, is_locked, router_id, remarks, create_by, create_date, update_by, update_date, del_flag, properties) VALUES ('1162895604136402947', '添加前端方案', 'dc/dcClienScheme', 'dcClienScheme', 'dcClienScheme:create', '1', '0', '0', '1162895604136402945', '', '超级管理员(super)', '2022-09-14 10:40:28', '超级管理员(super)', '2022-09-14 10:40:28', '0', '');
INSERT INTO sys_resource (id, name, code, url, permission, can_permission, is_default, is_locked, router_id, remarks, create_by, create_date, update_by, update_date, del_flag, properties) VALUES ('1162895604136402948', '删除前端方案', 'dc/dcClienScheme', 'dcClienScheme', 'dcClienScheme:delete', '1', '0', '0', '1162895604136402945', '', '超级管理员(super)', '2022-09-14 10:40:28', '超级管理员(super)', '2022-09-14 10:40:28', '0', '');
INSERT INTO sys_resource (id, name, code, url, permission, can_permission, is_default, is_locked, router_id, remarks, create_by, create_date, update_by, update_date, del_flag, properties) VALUES ('1162895604136402949', '导出前端方案', 'dc/dcClienScheme', 'dcClienScheme', 'dcClienScheme:export', '1', '0', '0', '1162895604136402945', '', '超级管理员(super)', '2022-09-14 10:40:28', '超级管理员(super)', '2022-09-14 10:40:28', '0', '');
INSERT INTO sys_resource (id, name, code, url, permission, can_permission, is_default, is_locked, router_id, remarks, create_by, create_date, update_by, update_date, del_flag, properties) VALUES ('1162895604136402950', '查询前端方案', 'dc/dcClienScheme', 'dcClienScheme', 'dcClienScheme:list', '1', '0', '0', '1162895604136402945', '', '超级管理员(super)', '2022-09-14 10:40:28', '超级管理员(super)', '2022-09-14 10:40:28', '0', '');
INSERT INTO sys_resource (id, name, code, url, permission, can_permission, is_default, is_locked, router_id, remarks, create_by, create_date, update_by, update_date, del_flag, properties) VALUES ('1162895604136402951', '查看前端方案', 'dc/dcClienScheme', 'dcClienScheme', 'dcClienScheme:read', '1', '0', '0', '1162895604136402945', '', '超级管理员(super)', '2022-09-14 10:40:28', '超级管理员(super)', '2022-09-14 10:40:28', '0', '');
INSERT INTO sys_resource (id, name, code, url, permission, can_permission, is_default, is_locked, router_id, remarks, create_by, create_date, update_by, update_date, del_flag, properties) VALUES ('1162895604136402952', '更新前端方案', 'dc/dcClienScheme', 'dcClienScheme', 'dcClienScheme:update', '1', '0', '0', '1162895604136402945', '', '超级管理员(super)', '2022-09-14 10:40:28', '超级管理员(super)', '2022-09-14 10:40:28', '0', '');
INSERT INTO sys_resource (id, name, code, url, permission, can_permission, is_default, is_locked, router_id, remarks, create_by, create_date, update_by, update_date, del_flag, properties) VALUES ('1267118380069445666', '查看后端模板', 'dc/dcTemplate', 'javaTemplate/:typeParam', 'dcTemplate:read', '1', '0', '0', '1154414160417153701', '', '超级管理员(super)', '2022-11-23 16:09:11', '超级管理员(super)', '2022-11-23 16:33:08', '0', '');
INSERT INTO sys_resource (id, name, code, url, permission, can_permission, is_default, is_locked, router_id, remarks, create_by, create_date, update_by, update_date, del_flag, properties) VALUES ('1267118380069445667', '添加后端模板', 'dc/dcTemplate', 'javaTemplate/:typeParam', 'dcTemplate:create', '1', '0', '0', '1154414160417153701', '', '超级管理员(super)', '2022-11-23 16:09:11', '超级管理员(super)', '2022-11-23 16:33:38', '0', '');
INSERT INTO sys_resource (id, name, code, url, permission, can_permission, is_default, is_locked, router_id, remarks, create_by, create_date, update_by, update_date, del_flag, properties) VALUES ('1267118380069445668', '查询后端模板', 'dc/dcTemplate', 'javaTemplate/:typeParam', 'dcTemplate:list', '1', '0', '0', '1154414160417153701', '', '超级管理员(super)', '2022-11-23 16:09:11', '超级管理员(super)', '2022-11-23 16:33:32', '0', '');
INSERT INTO sys_resource (id, name, code, url, permission, can_permission, is_default, is_locked, router_id, remarks, create_by, create_date, update_by, update_date, del_flag, properties) VALUES ('1267118380069445669', '导出后端模板', 'dc/dcTemplate', 'javaTemplate/:typeParam', 'dcTemplate:export', '1', '0', '0', '1154414160417153701', '', '超级管理员(super)', '2022-11-23 16:09:11', '超级管理员(super)', '2022-11-23 16:33:26', '0', '');
INSERT INTO sys_resource (id, name, code, url, permission, can_permission, is_default, is_locked, router_id, remarks, create_by, create_date, update_by, update_date, del_flag, properties) VALUES ('1267118380069445674', '删除后端模板', 'dc/dcTemplate', 'javaTemplate/:typeParam', 'dcTemplate:delete', '1', '0', '0', '1154414160417153701', '', '超级管理员(super)', '2022-11-23 16:09:11', '超级管理员(super)', '2022-11-23 16:33:20', '0', '');
INSERT INTO sys_resource (id, name, code, url, permission, can_permission, is_default, is_locked, router_id, remarks, create_by, create_date, update_by, update_date, del_flag, properties) VALUES ('1267118380069445676', '更新后端模板', 'dc/dcTemplate', 'javaTemplate/:typeParam', 'dcTemplate:update', '1', '0', '0', '1154414160417153701', '', '超级管理员(super)', '2022-11-23 16:09:11', '超级管理员(super)', '2022-11-23 16:33:14', '0', '');
INSERT INTO sys_resource (id, name, code, url, permission, can_permission, is_default, is_locked, router_id, remarks, create_by, create_date, update_by, update_date, del_flag, properties) VALUES ('1267118380069445678', '添加前端模板', 'dc/dcTemplate', 'clienTemplate/:typeParam', 'dcTemplate:create', '1', '0', '0', '1258289971712164100', '', '超级管理员(super)', '2022-11-23 16:13:44', '超级管理员(super)', '2022-11-23 16:34:45', '0', '');
INSERT INTO sys_resource (id, name, code, url, permission, can_permission, is_default, is_locked, router_id, remarks, create_by, create_date, update_by, update_date, del_flag, properties) VALUES ('1267118380069445679', '导出前端模板', 'dc/dcTemplate', 'clienTemplate/:typeParam', 'dcTemplate:export', '1', '0', '0', '1258289971712164100', '', '超级管理员(super)', '2022-11-23 16:13:44', '超级管理员(super)', '2022-11-23 16:34:40', '0', '');
INSERT INTO sys_resource (id, name, code, url, permission, can_permission, is_default, is_locked, router_id, remarks, create_by, create_date, update_by, update_date, del_flag, properties) VALUES ('1267118380069445680', '查询前端模板', 'dc/dcTemplate', 'clienTemplate/:typeParam', 'dcTemplate:list', '1', '0', '0', '1258289971712164100', '', '超级管理员(super)', '2022-11-23 16:13:44', '超级管理员(super)', '2022-11-23 16:34:33', '0', '');
INSERT INTO sys_resource (id, name, code, url, permission, can_permission, is_default, is_locked, router_id, remarks, create_by, create_date, update_by, update_date, del_flag, properties) VALUES ('1267118380069445681', '查看前端模板', 'dc/dcTemplate', 'clienTemplate/:typeParam', 'dcTemplate:read', '1', '0', '0', '1258289971712164100', '', '超级管理员(super)', '2022-11-23 16:13:44', '超级管理员(super)', '2022-11-23 16:34:27', '0', '');
INSERT INTO sys_resource (id, name, code, url, permission, can_permission, is_default, is_locked, router_id, remarks, create_by, create_date, update_by, update_date, del_flag, properties) VALUES ('1267118380069445682', '删除前端模板', 'dc/dcTemplate', 'clienTemplate/:typeParam', 'dcTemplate:delete', '1', '0', '0', '1258289971712164100', '', '超级管理员(super)', '2022-11-23 16:13:44', '超级管理员(super)', '2022-11-23 16:34:20', '0', '');
INSERT INTO sys_resource (id, name, code, url, permission, can_permission, is_default, is_locked, router_id, remarks, create_by, create_date, update_by, update_date, del_flag, properties) VALUES ('1267118380069445688', '更新前端模板', 'dc/dcTemplate', 'clienTemplate/:typeParam', 'dcTemplate:update', '1', '0', '0', '1258289971712164100', '', '超级管理员(super)', '2022-11-23 16:13:44', '超级管理员(super)', '2022-11-23 16:34:13', '0', '');
INSERT INTO sys_resource (id, name, code, url, permission, can_permission, is_default, is_locked, router_id, remarks, create_by, create_date, update_by, update_date, del_flag, properties) VALUES ('1351558450653388817', '查询项目管理', 'project/project', 'project', 'project:list', '1', '0', '0', '1351558450653388810', '', '超级管理员(super)', '2023-01-19 13:51:00', '超级管理员(super)', '2023-01-19 13:51:00', '0', '');
INSERT INTO sys_resource (id, name, code, url, permission, can_permission, is_default, is_locked, router_id, remarks, create_by, create_date, update_by, update_date, del_flag, properties) VALUES ('1351558450653388819', '查看项目管理', 'project/project', 'project', 'project:read', '1', '0', '0', '1351558450653388810', '', '超级管理员(super)', '2023-01-19 13:51:01', '超级管理员(super)', '2023-01-19 13:51:01', '0', '');
INSERT INTO sys_resource (id, name, code, url, permission, can_permission, is_default, is_locked, router_id, remarks, create_by, create_date, update_by, update_date, del_flag, properties) VALUES ('1351558450653388820', '删除项目管理', 'project/project', 'project', 'project:delete', '1', '0', '0', '1351558450653388810', '', '超级管理员(super)', '2023-01-19 13:51:01', '超级管理员(super)', '2023-01-19 13:51:01', '0', '');
INSERT INTO sys_resource (id, name, code, url, permission, can_permission, is_default, is_locked, router_id, remarks, create_by, create_date, update_by, update_date, del_flag, properties) VALUES ('1351558450653388821', '导出项目管理', 'project/project', 'project', 'project:export', '1', '0', '0', '1351558450653388810', '', '超级管理员(super)', '2023-01-19 13:51:01', '超级管理员(super)', '2023-01-19 13:51:01', '0', '');
INSERT INTO sys_resource (id, name, code, url, permission, can_permission, is_default, is_locked, router_id, remarks, create_by, create_date, update_by, update_date, del_flag, properties) VALUES ('1351558450653388822', '添加项目管理', 'project/project', 'project', 'project:create', '1', '0', '0', '1351558450653388810', '', '超级管理员(super)', '2023-01-19 13:51:01', '超级管理员(super)', '2023-01-19 13:51:01', '0', '');
INSERT INTO sys_resource (id, name, code, url, permission, can_permission, is_default, is_locked, router_id, remarks, create_by, create_date, update_by, update_date, del_flag, properties) VALUES ('1351558450653388826', '更新项目管理', 'project/project', 'project', 'project:update', '1', '0', '0', '1351558450653388810', '', '超级管理员(super)', '2023-01-19 13:51:01', '超级管理员(super)', '2023-01-19 13:51:01', '0', '');
INSERT INTO sys_resource (id, name, code, url, permission, can_permission, is_default, is_locked, router_id, remarks, create_by, create_date, update_by, update_date, del_flag, properties) VALUES ('1368150871391518720', '导出应用管理', 'micro/microApp', 'microApp', 'microApp:export', '1', '0', '0', '1368133244845719556', '', '超级管理员(super)', '2023-01-30 17:24:46', '超级管理员(super)', '2023-01-30 17:24:46', '0', '');
INSERT INTO sys_resource (id, name, code, url, permission, can_permission, is_default, is_locked, router_id, remarks, create_by, create_date, update_by, update_date, del_flag, properties) VALUES ('1368150871391518721', '添加应用管理', 'micro/microApp', 'microApp', 'microApp:create', '1', '0', '0', '1368133244845719556', '', '超级管理员(super)', '2023-01-30 17:24:46', '超级管理员(super)', '2023-01-30 17:24:46', '0', '');
INSERT INTO sys_resource (id, name, code, url, permission, can_permission, is_default, is_locked, router_id, remarks, create_by, create_date, update_by, update_date, del_flag, properties) VALUES ('1368150871391518722', '查询应用管理', 'micro/microApp', 'microApp', 'microApp:list', '1', '0', '0', '1368133244845719556', '', '超级管理员(super)', '2023-01-30 17:24:46', '超级管理员(super)', '2023-01-30 17:24:46', '0', '');
INSERT INTO sys_resource (id, name, code, url, permission, can_permission, is_default, is_locked, router_id, remarks, create_by, create_date, update_by, update_date, del_flag, properties) VALUES ('1368150871391518723', '删除应用管理', 'micro/microApp', 'microApp', 'microApp:delete', '1', '0', '0', '1368133244845719556', '', '超级管理员(super)', '2023-01-30 17:24:46', '超级管理员(super)', '2023-01-30 17:24:46', '0', '');
INSERT INTO sys_resource (id, name, code, url, permission, can_permission, is_default, is_locked, router_id, remarks, create_by, create_date, update_by, update_date, del_flag, properties) VALUES ('1368150871391518728', '查看应用管理', 'micro/microApp', 'microApp', 'microApp:read', '1', '0', '0', '1368133244845719556', '', '超级管理员(super)', '2023-01-30 17:24:46', '超级管理员(super)', '2023-01-30 17:24:46', '0', '');
INSERT INTO sys_resource (id, name, code, url, permission, can_permission, is_default, is_locked, router_id, remarks, create_by, create_date, update_by, update_date, del_flag, properties) VALUES ('1368150871391518730', '更新应用管理', 'micro/microApp', 'microApp', 'microApp:update', '1', '0', '0', '1368133244845719556', '', '超级管理员(super)', '2023-01-30 17:24:47', '超级管理员(super)', '2023-01-30 17:24:47', '0', '');
INSERT INTO sys_resource (id, name, code, url, permission, can_permission, is_default, is_locked, router_id, remarks, create_by, create_date, update_by, update_date, del_flag, properties) VALUES ('1368179321254895620', '查询版本管理', 'micro/microVersion', 'microVersion', 'microVersion:list', '1', '0', '0', '1368179321254895617', '', '超级管理员(super)', '2023-01-30 17:50:05', '超级管理员(super)', '2023-01-30 17:50:05', '0', '');
INSERT INTO sys_resource (id, name, code, url, permission, can_permission, is_default, is_locked, router_id, remarks, create_by, create_date, update_by, update_date, del_flag, properties) VALUES ('1368179321254895622', '导出版本管理', 'micro/microVersion', 'microVersion', 'microVersion:export', '1', '0', '0', '1368179321254895617', '', '超级管理员(super)', '2023-01-30 17:50:05', '超级管理员(super)', '2023-01-30 17:50:05', '0', '');
INSERT INTO sys_resource (id, name, code, url, permission, can_permission, is_default, is_locked, router_id, remarks, create_by, create_date, update_by, update_date, del_flag, properties) VALUES ('1368179321254895623', '添加版本管理', 'micro/microVersion', 'microVersion', 'microVersion:create', '1', '0', '0', '1368179321254895617', '', '超级管理员(super)', '2023-01-30 17:50:05', '超级管理员(super)', '2023-01-30 17:50:05', '0', '');
INSERT INTO sys_resource (id, name, code, url, permission, can_permission, is_default, is_locked, router_id, remarks, create_by, create_date, update_by, update_date, del_flag, properties) VALUES ('1368179321254895624', '删除版本管理', 'micro/microVersion', 'microVersion', 'microVersion:delete', '1', '0', '0', '1368179321254895617', '', '超级管理员(super)', '2023-01-30 17:50:05', '超级管理员(super)', '2023-01-30 17:50:05', '0', '');
INSERT INTO sys_resource (id, name, code, url, permission, can_permission, is_default, is_locked, router_id, remarks, create_by, create_date, update_by, update_date, del_flag, properties) VALUES ('1368179321254895625', '查看版本管理', 'micro/microVersion', 'microVersion', 'microVersion:read', '1', '0', '0', '1368179321254895617', '', '超级管理员(super)', '2023-01-30 17:50:05', '超级管理员(super)', '2023-01-30 17:50:05', '0', '');
INSERT INTO sys_resource (id, name, code, url, permission, can_permission, is_default, is_locked, router_id, remarks, create_by, create_date, update_by, update_date, del_flag, properties) VALUES ('1368179321254895630', '更新版本管理', 'micro/microVersion', 'microVersion', 'microVersion:update', '1', '0', '0', '1368179321254895617', '', '超级管理员(super)', '2023-01-30 17:50:05', '超级管理员(super)', '2023-01-30 17:50:05', '0', '');
INSERT INTO sys_resource (id, name, code, url, permission, can_permission, is_default, is_locked, router_id, remarks, create_by, create_date, update_by, update_date, del_flag, properties) VALUES ('1371186330938556423', '查询数据库类型', 'dbtype/sysDbType', 'sysDbType', 'sysDbType:list', '1', '0', '0', '1371186330938556420', '', '超级管理员(super)', '2023-02-01 18:34:57', '超级管理员(super)', '2023-02-01 18:34:57', '0', '');
INSERT INTO sys_resource (id, name, code, url, permission, can_permission, is_default, is_locked, router_id, remarks, create_by, create_date, update_by, update_date, del_flag, properties) VALUES ('1371186330938556425', '查看数据库类型', 'dbtype/sysDbType', 'sysDbType', 'sysDbType:read', '1', '0', '0', '1371186330938556420', '', '超级管理员(super)', '2023-02-01 18:34:57', '超级管理员(super)', '2023-02-01 18:34:57', '0', '');
INSERT INTO sys_resource (id, name, code, url, permission, can_permission, is_default, is_locked, router_id, remarks, create_by, create_date, update_by, update_date, del_flag, properties) VALUES ('1371186330938556426', '添加数据库类型', 'dbtype/sysDbType', 'sysDbType', 'sysDbType:create', '1', '0', '0', '1371186330938556420', '', '超级管理员(super)', '2023-02-01 18:34:57', '超级管理员(super)', '2023-02-01 18:34:57', '0', '');
INSERT INTO sys_resource (id, name, code, url, permission, can_permission, is_default, is_locked, router_id, remarks, create_by, create_date, update_by, update_date, del_flag, properties) VALUES ('1371186330938556427', '删除数据库类型', 'dbtype/sysDbType', 'sysDbType', 'sysDbType:delete', '1', '0', '0', '1371186330938556420', '', '超级管理员(super)', '2023-02-01 18:34:57', '超级管理员(super)', '2023-02-01 18:34:57', '0', '');
INSERT INTO sys_resource (id, name, code, url, permission, can_permission, is_default, is_locked, router_id, remarks, create_by, create_date, update_by, update_date, del_flag, properties) VALUES ('1371186330938556428', '导出数据库类型', 'dbtype/sysDbType', 'sysDbType', 'sysDbType:export', '1', '0', '0', '1371186330938556420', '', '超级管理员(super)', '2023-02-01 18:34:57', '超级管理员(super)', '2023-02-01 18:34:57', '0', '');
INSERT INTO sys_resource (id, name, code, url, permission, can_permission, is_default, is_locked, router_id, remarks, create_by, create_date, update_by, update_date, del_flag, properties) VALUES ('1371186330938556433', '更新数据库类型', 'dbtype/sysDbType', 'sysDbType', 'sysDbType:update', '1', '0', '0', '1371186330938556420', '', '超级管理员(super)', '2023-02-01 18:34:57', '超级管理员(super)', '2023-02-01 18:34:57', '0', '');
INSERT INTO sys_resource (id, name, code, url, permission, can_permission, is_default, is_locked, router_id, remarks, create_by, create_date, update_by, update_date, del_flag, properties) VALUES ('1436328941732683915', '导出平台主数据', 'databus/masterDataType', 'masterDataType', 'masterDataType:export', '1', '0', '0', '1434612260484046855', '', '超级管理员(super)', '2023-03-17 17:29:33', '超级管理员(super)', '2023-03-17 17:29:33', '0', '');
INSERT INTO sys_resource (id, name, code, url, permission, can_permission, is_default, is_locked, router_id, remarks, create_by, create_date, update_by, update_date, del_flag, properties) VALUES ('1436328941732683916', '查询平台主数据', 'databus/masterDataType', 'masterDataType', 'masterDataType:list', '1', '0', '0', '1434612260484046855', '', '超级管理员(super)', '2023-03-17 17:29:33', '超级管理员(super)', '2023-03-17 17:29:33', '0', '');
INSERT INTO sys_resource (id, name, code, url, permission, can_permission, is_default, is_locked, router_id, remarks, create_by, create_date, update_by, update_date, del_flag, properties) VALUES ('1436328941732683917', '查看平台主数据', 'databus/masterDataType', 'masterDataType', 'masterDataType:read', '1', '0', '0', '1434612260484046855', '', '超级管理员(super)', '2023-03-17 17:29:33', '超级管理员(super)', '2023-03-17 17:29:33', '0', '');
INSERT INTO sys_resource (id, name, code, url, permission, can_permission, is_default, is_locked, router_id, remarks, create_by, create_date, update_by, update_date, del_flag, properties) VALUES ('1436328941732683918', '删除平台主数据', 'databus/masterDataType', 'masterDataType', 'masterDataType:delete', '1', '0', '0', '1434612260484046855', '', '超级管理员(super)', '2023-03-17 17:29:33', '超级管理员(super)', '2023-03-17 17:29:33', '0', '');
INSERT INTO sys_resource (id, name, code, url, permission, can_permission, is_default, is_locked, router_id, remarks, create_by, create_date, update_by, update_date, del_flag, properties) VALUES ('1436328941732683919', '添加平台主数据', 'databus/masterDataType', 'masterDataType', 'masterDataType:create', '1', '0', '0', '1434612260484046855', '', '超级管理员(super)', '2023-03-17 17:29:33', '超级管理员(super)', '2023-03-17 17:29:33', '0', '');
INSERT INTO sys_resource (id, name, code, url, permission, can_permission, is_default, is_locked, router_id, remarks, create_by, create_date, update_by, update_date, del_flag, properties) VALUES ('1436328941732683920', '更新平台主数据', 'databus/masterDataType', 'masterDataType', 'masterDataType:update', '1', '0', '0', '1434612260484046855', '', '超级管理员(super)', '2023-03-17 17:29:33', '超级管理员(super)', '2023-03-17 17:29:33', '0', '');
INSERT INTO sys_resource (id, name, code, url, permission, can_permission, is_default, is_locked, router_id, remarks, create_by, create_date, update_by, update_date, del_flag, properties) VALUES ('1436328941732684181', '添加生产消费关系', 'databus/productionRelation', 'productionRelation', 'productionRelation:create', '1', '0', '0', '1436328941732684056', '', '超级管理员(super)', '2023-03-17 17:46:34', '超级管理员(super)', '2023-03-17 17:46:34', '0', '');
INSERT INTO sys_resource (id, name, code, url, permission, can_permission, is_default, is_locked, router_id, remarks, create_by, create_date, update_by, update_date, del_flag, properties) VALUES ('1436328941732684182', '查询生产消费关系', 'databus/productionRelation', 'productionRelation', 'productionRelation:list', '1', '0', '0', '1436328941732684056', '', '超级管理员(super)', '2023-03-17 17:46:34', '超级管理员(super)', '2023-03-17 17:46:34', '0', '');
INSERT INTO sys_resource (id, name, code, url, permission, can_permission, is_default, is_locked, router_id, remarks, create_by, create_date, update_by, update_date, del_flag, properties) VALUES ('1436328941732684183', '导出生产消费关系', 'databus/productionRelation', 'productionRelation', 'productionRelation:export', '1', '0', '0', '1436328941732684056', '', '超级管理员(super)', '2023-03-17 17:46:34', '超级管理员(super)', '2023-03-17 17:46:34', '0', '');
INSERT INTO sys_resource (id, name, code, url, permission, can_permission, is_default, is_locked, router_id, remarks, create_by, create_date, update_by, update_date, del_flag, properties) VALUES ('1436328941732684184', '查看生产消费关系', 'databus/productionRelation', 'productionRelation', 'productionRelation:read', '1', '0', '0', '1436328941732684056', '', '超级管理员(super)', '2023-03-17 17:46:34', '超级管理员(super)', '2023-03-17 17:46:34', '0', '');
INSERT INTO sys_resource (id, name, code, url, permission, can_permission, is_default, is_locked, router_id, remarks, create_by, create_date, update_by, update_date, del_flag, properties) VALUES ('1436328941732684185', '删除生产消费关系', 'databus/productionRelation', 'productionRelation', 'productionRelation:delete', '1', '0', '0', '1436328941732684056', '', '超级管理员(super)', '2023-03-17 17:46:34', '超级管理员(super)', '2023-03-17 17:46:34', '0', '');
INSERT INTO sys_resource (id, name, code, url, permission, can_permission, is_default, is_locked, router_id, remarks, create_by, create_date, update_by, update_date, del_flag, properties) VALUES ('1436328941732684191', '更新生产消费关系', 'databus/productionRelation', 'productionRelation', 'productionRelation:update', '1', '0', '0', '1436328941732684056', '', '超级管理员(super)', '2023-03-17 17:46:35', '超级管理员(super)', '2023-03-17 17:46:35', '0', '');
INSERT INTO sys_resource (id, name, code, url, permission, can_permission, is_default, is_locked, router_id, remarks, create_by, create_date, update_by, update_date, del_flag, properties) VALUES ('1440433057862000662', '更新移动端方案', 'dc/dcMobileScheme', 'dcMobileScheme', 'dcMobileScheme:update', '1', '0', '0', '1440433057862000646', '', '超级管理员(super)', '2023-03-20 10:31:06', '超级管理员(super)', '2023-03-20 10:31:06', '0', '');
INSERT INTO sys_resource (id, name, code, url, permission, can_permission, is_default, is_locked, router_id, remarks, create_by, create_date, update_by, update_date, del_flag, properties) VALUES ('1440433057862000663', '导出移动端方案', 'dc/dcMobileScheme', 'dcMobileScheme', 'dcMobileScheme:export', '1', '0', '0', '1440433057862000646', '', '超级管理员(super)', '2023-03-20 10:31:06', '超级管理员(super)', '2023-03-20 10:31:06', '0', '');
INSERT INTO sys_resource (id, name, code, url, permission, can_permission, is_default, is_locked, router_id, remarks, create_by, create_date, update_by, update_date, del_flag, properties) VALUES ('1440433057862000664', '添加移动端方案', 'dc/dcMobileScheme', 'dcMobileScheme', 'dcMobileScheme:create', '1', '0', '0', '1440433057862000646', '', '超级管理员(super)', '2023-03-20 10:31:06', '超级管理员(super)', '2023-03-20 10:31:06', '0', '');
INSERT INTO sys_resource (id, name, code, url, permission, can_permission, is_default, is_locked, router_id, remarks, create_by, create_date, update_by, update_date, del_flag, properties) VALUES ('1440433057862000665', '查看移动端方案', 'dc/dcMobileScheme', 'dcMobileScheme', 'dcMobileScheme:read', '1', '0', '0', '1440433057862000646', '', '超级管理员(super)', '2023-03-20 10:31:06', '超级管理员(super)', '2023-03-20 10:31:06', '0', '');
INSERT INTO sys_resource (id, name, code, url, permission, can_permission, is_default, is_locked, router_id, remarks, create_by, create_date, update_by, update_date, del_flag, properties) VALUES ('1440433057862000666', '删除移动端方案', 'dc/dcMobileScheme', 'dcMobileScheme', 'dcMobileScheme:delete', '1', '0', '0', '1440433057862000646', '', '超级管理员(super)', '2023-03-20 10:31:06', '超级管理员(super)', '2023-03-20 10:31:06', '0', '');
INSERT INTO sys_resource (id, name, code, url, permission, can_permission, is_default, is_locked, router_id, remarks, create_by, create_date, update_by, update_date, del_flag, properties) VALUES ('1440433057862000667', '查询移动端方案', 'dc/dcMobileScheme', 'dcMobileScheme', 'dcMobileScheme:list', '1', '0', '0', '1440433057862000646', '', '超级管理员(super)', '2023-03-20 10:31:06', '超级管理员(super)', '2023-03-20 10:31:06', '0', '');
INSERT INTO sys_resource (id, name, code, url, permission, can_permission, is_default, is_locked, router_id, remarks, create_by, create_date, update_by, update_date, del_flag, properties) VALUES ('1440612931092422674', '查询移动端模板', 'dc/dcTemplate', 'mobileTemplate/:typeParam', 'dcTemplate:list', '1', '0', '0', '1440433057862000642', '', '超级管理员(super)', '2023-03-20 13:14:42', '超级管理员(super)', '2023-03-20 13:14:42', '0', '');
INSERT INTO sys_resource (id, name, code, url, permission, can_permission, is_default, is_locked, router_id, remarks, create_by, create_date, update_by, update_date, del_flag, properties) VALUES ('1440612931092422676', '删除移动端模板', 'dc/dcTemplate', 'mobileTemplate/:typeParam', 'dcTemplate:delete', '1', '0', '0', '1440433057862000642', '', '超级管理员(super)', '2023-03-20 13:14:43', '超级管理员(super)', '2023-03-20 13:14:43', '0', '');
INSERT INTO sys_resource (id, name, code, url, permission, can_permission, is_default, is_locked, router_id, remarks, create_by, create_date, update_by, update_date, del_flag, properties) VALUES ('1440612931092422677', '更新移动端模板', 'dc/dcTemplate', 'mobileTemplate/:typeParam', 'dcTemplate:update', '1', '0', '0', '1440433057862000642', '', '超级管理员(super)', '2023-03-20 13:14:43', '超级管理员(super)', '2023-03-20 13:14:43', '0', '');
INSERT INTO sys_resource (id, name, code, url, permission, can_permission, is_default, is_locked, router_id, remarks, create_by, create_date, update_by, update_date, del_flag, properties) VALUES ('1440612931092422678', '添加移动端模板', 'dc/dcTemplate', 'mobileTemplate/:typeParam', 'dcTemplate:create', '1', '0', '0', '1440433057862000642', '', '超级管理员(super)', '2023-03-20 13:14:43', '超级管理员(super)', '2023-03-20 13:14:43', '0', '');
INSERT INTO sys_resource (id, name, code, url, permission, can_permission, is_default, is_locked, router_id, remarks, create_by, create_date, update_by, update_date, del_flag, properties) VALUES ('1440612931092422679', '导出移动端模板', 'dc/dcTemplate', 'mobileTemplate/:typeParam', 'dcTemplate:export', '1', '0', '0', '1440433057862000642', '', '超级管理员(super)', '2023-03-20 13:14:43', '超级管理员(super)', '2023-03-20 13:14:43', '0', '');
INSERT INTO sys_resource (id, name, code, url, permission, can_permission, is_default, is_locked, router_id, remarks, create_by, create_date, update_by, update_date, del_flag, properties) VALUES ('1440612931092422680', '查看移动端模板', 'dc/dcTemplate', 'mobileTemplate/:typeParam', 'dcTemplate:read', '1', '0', '0', '1440433057862000642', '', '超级管理员(super)', '2023-03-20 13:14:43', '超级管理员(super)', '2023-03-20 13:14:43', '0', '');


-- 字典类型
INSERT INTO sys_dict_type (id, code, name, is_system, remarks, create_by, create_date, update_by, update_date, del_flag) VALUES ('5000', 'actionType', '操作类型', '1', '操作日志中的操作类型', '系统管理员(system)', '2019-12-05 15:07:33', '系统管理员(system)', '2019-12-13 15:34:29', '0');
INSERT INTO sys_dict_type (id, code, name, is_system, remarks, create_by, create_date, update_by, update_date, del_flag) VALUES ('5001', 'javaType', 'java类型', '1', '代码生成模块的业务表字段配置java类型', '系统管理员', '2019-08-23 08:25:38', '超级管理员(super)', '2023-01-06 18:20:42', '0');
INSERT INTO sys_dict_type (id, code, name, is_system, remarks, create_by, create_date, update_by, update_date, del_flag) VALUES ('5002', 'queryType', '查询类型', '1', '代码生成模块的业务表中，配置字段的查询操作符类型。', '系统管理员', '2019-08-23 08:29:29', '系统管理员', '2019-08-23 08:29:29', '0');
INSERT INTO sys_dict_type (id, code, name, is_system, remarks, create_by, create_date, update_by, update_date, del_flag) VALUES ('5003', 'showType', '显示类型', '1', '代码生成模块的业务表中，配置字段的显示控件。', '系统管理员', '2019-08-23 08:33:02', '超级管理员(super)', '2022-01-18 13:55:44', '0');
INSERT INTO sys_dict_type (id, code, name, is_system, remarks, create_by, create_date, update_by, update_date, del_flag) VALUES ('5004', 'template', '代码模板分类', '1', '代码方案的代码模板分类', '系统管理员', '2019-08-24 07:23:31', '系统管理员(system)', '2020-11-09 11:52:11', '0');
INSERT INTO sys_dict_type (id, code, name, is_system, remarks, create_by, create_date, update_by, update_date, del_flag) VALUES ('5005', 'wfStatus', '工作流审批状态', '1', '业务单据的数据状态', '系统管理员(system)', '2020-05-30 22:06:55', '超级管理员(super)', '2022-01-28 12:09:49', '0');
INSERT INTO sys_dict_type (id, code, name, is_system, remarks, create_by, create_date, update_by, update_date, del_flag) VALUES ('5006', 'dc_javaType', '低代码-数据类型', '0', '代码生成模块的业务表字段配置数据类型', '超级管理员(super)', '2022-09-27 16:44:44', '超级管理员(super)', '2022-12-07 12:41:14', '0');
INSERT INTO sys_dict_type (id, code, name, is_system, remarks, create_by, create_date, update_by, update_date, del_flag) VALUES ('1296451185562181677', 'message_type', '消息类型', '0', '', '超级管理员(super)', '2022-12-13 10:40:29', '系统管理员(system)', '2023-01-06 08:37:42', '0');


-- 字典项
INSERT INTO sys_dict_item (id, dict_type_id, name, value, remarks, create_by, create_date, update_by, update_date, del_flag) VALUES ('8000', '5002', '=', '=', '', '系统管理员', '2019-08-23 08:29:29', '系统管理员', '2019-08-23 08:29:29', '0');
INSERT INTO sys_dict_item (id, dict_type_id, name, value, remarks, create_by, create_date, update_by, update_date, del_flag) VALUES ('8001', '5000', '登录', 'login', '', '系统管理员(system)', '2019-12-05 15:07:33', '系统管理员(system)', '2019-12-13 15:34:29', '0');
INSERT INTO sys_dict_item (id, dict_type_id, name, value, remarks, create_by, create_date, update_by, update_date, del_flag) VALUES ('8002', '5004', '仅服务和接口（api/controller/service）', 'api', '', '系统管理员', '2019-08-24 07:23:31', '系统管理员(system)', '2020-11-09 11:52:11', '0');
INSERT INTO sys_dict_item (id, dict_type_id, name, value, remarks, create_by, create_date, update_by, update_date, del_flag) VALUES ('8003', '5002', 'Between', 'between', '', '系统管理员', '2019-08-23 08:29:29', '系统管理员', '2019-08-23 08:29:29', '0');
INSERT INTO sys_dict_item (id, dict_type_id, name, value, remarks, create_by, create_date, update_by, update_date, del_flag) VALUES ('8004', '5004', '增删改查（单表）', 'curd', '', '系统管理员', '2019-08-24 07:23:31', '系统管理员(system)', '2020-11-09 11:52:11', '0');
INSERT INTO sys_dict_item (id, dict_type_id, name, value, remarks, create_by, create_date, update_by, update_date, del_flag) VALUES ('8005', '5004', '增删改查（一对多）', 'curd_many', '', '系统管理员', '2019-08-24 07:23:31', '系统管理员(system)', '2020-11-09 11:52:11', '0');
INSERT INTO sys_dict_item (id, dict_type_id, name, value, remarks, create_by, create_date, update_by, update_date, del_flag) VALUES ('8006', '5001', 'Custom', 'Custom', '', '系统管理员', '2019-08-23 08:25:38', '超级管理员(super)', '2023-01-06 18:20:42', '0');
INSERT INTO sys_dict_item (id, dict_type_id, name, value, remarks, create_by, create_date, update_by, update_date, del_flag) VALUES ('8007', '5000', '删除', 'deleted', '', '系统管理员(system)', '2019-12-05 15:07:33', '系统管理员(system)', '2019-12-13 15:34:29', '0');
INSERT INTO sys_dict_item (id, dict_type_id, name, value, remarks, create_by, create_date, update_by, update_date, del_flag) VALUES ('8008', '5004', '仅持久层（dao/entity/mapper）', 'dao', '', '系统管理员', '2019-08-24 07:23:31', '系统管理员(system)', '2020-11-09 11:52:11', '0');
INSERT INTO sys_dict_item (id, dict_type_id, name, value, remarks, create_by, create_date, update_by, update_date, del_flag) VALUES ('8009', '5003', '日期选择器', 'DatePicker', '', '系统管理员', '2019-08-23 08:33:02', '超级管理员(super)', '2022-01-18 13:55:44', '0');
INSERT INTO sys_dict_item (id, dict_type_id, name, value, remarks, create_by, create_date, update_by, update_date, del_flag) VALUES ('8010', '5003', '日期时间选择器', 'DateTimePicker', '', '系统管理员', '2019-08-23 08:33:02', '超级管理员(super)', '2022-01-18 13:55:44', '0');
INSERT INTO sys_dict_item (id, dict_type_id, name, value, remarks, create_by, create_date, update_by, update_date, del_flag) VALUES ('8011', '5001', 'Double', 'Double', '', '系统管理员', '2019-08-23 08:25:38', '超级管理员(super)', '2023-01-06 18:20:42', '0');
INSERT INTO sys_dict_item (id, dict_type_id, name, value, remarks, create_by, create_date, update_by, update_date, del_flag) VALUES ('8012', '5000', '登出', 'logout', '', '系统管理员(system)', '2019-12-05 15:07:33', '系统管理员(system)', '2019-12-13 15:34:29', '0');
INSERT INTO sys_dict_item (id, dict_type_id, name, value, remarks, create_by, create_date, update_by, update_date, del_flag) VALUES ('8013', '5000', '修改', 'updated', '', '系统管理员(system)', '2019-12-05 15:07:33', '系统管理员(system)', '2019-12-13 15:34:29', '0');
INSERT INTO sys_dict_item (id, dict_type_id, name, value, remarks, create_by, create_date, update_by, update_date, del_flag) VALUES ('8014', '5001', 'Float', 'Float', '', '系统管理员', '2019-08-23 08:25:38', '超级管理员(super)', '2023-01-06 18:20:42', '0');
INSERT INTO sys_dict_item (id, dict_type_id, name, value, remarks, create_by, create_date, update_by, update_date, del_flag) VALUES ('8015', '5003', '计数器', 'IncNumber', '', '系统管理员', '2019-08-23 08:33:02', '超级管理员(super)', '2022-01-18 13:55:44', '0');
INSERT INTO sys_dict_item (id, dict_type_id, name, value, remarks, create_by, create_date, update_by, update_date, del_flag) VALUES ('8016', '5003', '数值框', 'InputNumber', '', '系统管理员', '2019-08-23 08:33:02', '超级管理员(super)', '2022-01-18 13:55:44', '0');
INSERT INTO sys_dict_item (id, dict_type_id, name, value, remarks, create_by, create_date, update_by, update_date, del_flag) VALUES ('8017', '5001', 'Integer', 'Integer', '', '系统管理员', '2019-08-23 08:25:38', '超级管理员(super)', '2023-01-06 18:20:42', '0');
INSERT INTO sys_dict_item (id, dict_type_id, name, value, remarks, create_by, create_date, update_by, update_date, del_flag) VALUES ('8018', '5001', 'Date', 'java.util.Date', '', '系统管理员', '2019-08-23 08:25:38', '超级管理员(super)', '2023-01-06 18:20:42', '0');
INSERT INTO sys_dict_item (id, dict_type_id, name, value, remarks, create_by, create_date, update_by, update_date, del_flag) VALUES ('8019', '5002', 'Left Like', 'left_like', '', '系统管理员', '2019-08-23 08:29:29', '系统管理员', '2019-08-23 08:29:29', '0');
INSERT INTO sys_dict_item (id, dict_type_id, name, value, remarks, create_by, create_date, update_by, update_date, del_flag) VALUES ('8020', '5002', 'Like', 'like', '', '系统管理员', '2019-08-23 08:29:29', '系统管理员', '2019-08-23 08:29:29', '0');
INSERT INTO sys_dict_item (id, dict_type_id, name, value, remarks, create_by, create_date, update_by, update_date, del_flag) VALUES ('8021', '5001', 'Long', 'Long', '', '系统管理员', '2019-08-23 08:25:38', '超级管理员(super)', '2023-01-06 18:20:42', '0');
INSERT INTO sys_dict_item (id, dict_type_id, name, value, remarks, create_by, create_date, update_by, update_date, del_flag) VALUES ('8022', '5003', '多行文本框', 'MultipleInput', '', '系统管理员', '2019-08-23 08:33:02', '超级管理员(super)', '2022-01-18 13:55:44', '0');
INSERT INTO sys_dict_item (id, dict_type_id, name, value, remarks, create_by, create_date, update_by, update_date, del_flag) VALUES ('8023', '5003', '密码框', 'PassWordInput', '', '系统管理员', '2019-08-23 08:33:02', '超级管理员(super)', '2022-01-18 13:55:44', '0');
INSERT INTO sys_dict_item (id, dict_type_id, name, value, remarks, create_by, create_date, update_by, update_date, del_flag) VALUES ('8024', '5002', 'Right Like', 'right_like', '', '系统管理员', '2019-08-23 08:29:29', '系统管理员', '2019-08-23 08:29:29', '0');
INSERT INTO sys_dict_item (id, dict_type_id, name, value, remarks, create_by, create_date, update_by, update_date, del_flag) VALUES ('8025', '5003', '下拉列表选择器', 'Select', '', '系统管理员', '2019-08-23 08:33:02', '超级管理员(super)', '2022-01-18 13:55:44', '0');
INSERT INTO sys_dict_item (id, dict_type_id, name, value, remarks, create_by, create_date, update_by, update_date, del_flag) VALUES ('8026', '5003', '下拉树选择器', 'SelectTree', '', '系统管理员', '2019-08-23 08:33:02', '超级管理员(super)', '2022-01-18 13:55:44', '0');
INSERT INTO sys_dict_item (id, dict_type_id, name, value, remarks, create_by, create_date, update_by, update_date, del_flag) VALUES ('8027', '5003', '单行文本框', 'SingleInput', '', '系统管理员', '2019-08-23 08:33:02', '超级管理员(super)', '2022-01-18 13:55:44', '0');
INSERT INTO sys_dict_item (id, dict_type_id, name, value, remarks, create_by, create_date, update_by, update_date, del_flag) VALUES ('8028', '5001', 'String', 'String', '', '系统管理员', '2019-08-23 08:25:38', '超级管理员(super)', '2023-01-06 18:20:42', '0');
INSERT INTO sys_dict_item (id, dict_type_id, name, value, remarks, create_by, create_date, update_by, update_date, del_flag) VALUES ('8029', '5003', '文本多选选择器', 'StringMultiSelect', '', '系统管理员', '2019-08-24 07:23:31', '超级管理员(super)', '2022-01-18 13:55:44', '0');
INSERT INTO sys_dict_item (id, dict_type_id, name, value, remarks, create_by, create_date, update_by, update_date, del_flag) VALUES ('8030', '5003', '开关', 'Switch', '', '系统管理员', '2019-08-23 08:33:02', '超级管理员(super)', '2022-01-18 13:55:44', '0');
INSERT INTO sys_dict_item (id, dict_type_id, name, value, remarks, create_by, create_date, update_by, update_date, del_flag) VALUES ('8031', '5001', 'ThisObj', 'This', '', '系统管理员', '2019-08-23 08:25:38', '超级管理员(super)', '2023-01-06 18:20:42', '0');
INSERT INTO sys_dict_item (id, dict_type_id, name, value, remarks, create_by, create_date, update_by, update_date, del_flag) VALUES ('8032', '5003', '时间选择器', 'TimePicker', '', '系统管理员', '2019-08-23 08:33:02', '超级管理员(super)', '2022-01-18 13:55:44', '0');
INSERT INTO sys_dict_item (id, dict_type_id, name, value, remarks, create_by, create_date, update_by, update_date, del_flag) VALUES ('8033', '5004', '左树右表', 'tree-table', '', '系统管理员', '2019-08-24 07:23:31', '系统管理员(system)', '2020-11-09 11:52:11', '0');
INSERT INTO sys_dict_item (id, dict_type_id, name, value, remarks, create_by, create_date, update_by, update_date, del_flag) VALUES ('8036', '5002', '<=', '&lt;=', '', '系统管理员', '2019-08-23 08:29:29', '系统管理员', '2019-08-23 08:29:29', '0');
INSERT INTO sys_dict_item (id, dict_type_id, name, value, remarks, create_by, create_date, update_by, update_date, del_flag) VALUES ('8037', '5000', '还原', 'restored', '', '系统管理员(system)', '2019-12-05 15:07:33', '系统管理员(system)', '2019-12-13 15:34:29', '0');
INSERT INTO sys_dict_item (id, dict_type_id, name, value, remarks, create_by, create_date, update_by, update_date, del_flag) VALUES ('8038', '5000', '查询列表', 'listed', '', '系统管理员(system)', '2019-12-05 15:07:33', '系统管理员(system)', '2019-12-13 15:34:29', '0');
INSERT INTO sys_dict_item (id, dict_type_id, name, value, remarks, create_by, create_date, update_by, update_date, del_flag) VALUES ('8039', '5000', '创建', 'created', '', '系统管理员(system)', '2019-12-05 15:07:33', '系统管理员(system)', '2019-12-13 15:34:29', '0');
INSERT INTO sys_dict_item (id, dict_type_id, name, value, remarks, create_by, create_date, update_by, update_date, del_flag) VALUES ('8040', '5002', '!=', '!=', '', '系统管理员', '2019-08-23 08:29:29', '系统管理员', '2019-08-23 08:29:29', '0');
INSERT INTO sys_dict_item (id, dict_type_id, name, value, remarks, create_by, create_date, update_by, update_date, del_flag) VALUES ('8041', '5002', '>', '&gt;', '', '系统管理员', '2019-08-23 08:29:29', '系统管理员', '2019-08-23 08:29:29', '0');
INSERT INTO sys_dict_item (id, dict_type_id, name, value, remarks, create_by, create_date, update_by, update_date, del_flag) VALUES ('8042', '5002', '>=', '&gt;=', '', '系统管理员', '2019-08-23 08:29:29', '系统管理员', '2019-08-23 08:29:29', '0');
INSERT INTO sys_dict_item (id, dict_type_id, name, value, remarks, create_by, create_date, update_by, update_date, del_flag) VALUES ('8043', '5002', '<', '&lt;', '', '系统管理员', '2019-08-23 08:29:29', '系统管理员', '2019-08-23 08:29:29', '0');
INSERT INTO sys_dict_item (id, dict_type_id, name, value, remarks, create_by, create_date, update_by, update_date, del_flag) VALUES ('8044', '5005', '已审批', 'COMPLETED', '', '系统管理员(system)', '2020-05-30 22:06:56', '超级管理员(super)', '2022-01-28 12:09:49', '0');
INSERT INTO sys_dict_item (id, dict_type_id, name, value, remarks, create_by, create_date, update_by, update_date, del_flag) VALUES ('8045', '5005', '审批中', 'ACTIVE', '', '系统管理员(system)', '2020-05-30 22:06:56', '超级管理员(super)', '2022-01-28 12:09:49', '0');
INSERT INTO sys_dict_item (id, dict_type_id, name, value, remarks, create_by, create_date, update_by, update_date, del_flag) VALUES ('8046', '5005', '已终止', 'TERMINATED', '', '系统管理员(system)', '2020-05-30 22:06:56', '超级管理员(super)', '2022-01-28 12:09:49', '0');
INSERT INTO sys_dict_item (id, dict_type_id, name, value, remarks, create_by, create_date, update_by, update_date, del_flag) VALUES ('8047', '5005', '草稿', 'DRAFT', '', '系统管理员(system)', '2020-05-30 22:06:56', '超级管理员(super)', '2022-01-28 12:09:49', '0');
INSERT INTO sys_dict_item (id, dict_type_id, name, value, remarks, create_by, create_date, update_by, update_date, del_flag) VALUES ('8048', '5004', '持久层、服务和接口（dao/api）', 'service', '', '系统管理员(system)', '2020-06-30 10:45:40', '系统管理员(system)', '2020-11-09 11:52:11', '0');
INSERT INTO sys_dict_item (id, dict_type_id, name, value, remarks, create_by, create_date, update_by, update_date, del_flag) VALUES ('8049', '5004', '工作流表单(单表)', 'wf-form', '', '系统管理员(system)', '2020-05-30 22:08:53', '系统管理员(system)', '2020-11-09 11:52:11', '0');
INSERT INTO sys_dict_item (id, dict_type_id, name, value, remarks, create_by, create_date, update_by, update_date, del_flag) VALUES ('8050', '5004', '工作流表单(一对多)', 'wf-form-onemany', '', '系统管理员(system)', '2020-05-31 21:43:52', '系统管理员(system)', '2020-11-09 11:52:11', '0');
INSERT INTO sys_dict_item (id, dict_type_id, name, value, remarks, create_by, create_date, update_by, update_date, del_flag) VALUES ('8051', '5001', 'Money', 'java.math.BigDecimal', '', '系统管理员(system)', '2020-11-09 11:52:11', '超级管理员(super)', '2023-01-06 18:20:42', '0');
INSERT INTO sys_dict_item (id, dict_type_id, name, value, remarks, create_by, create_date, update_by, update_date, del_flag) VALUES ('8052', '5004', '左树-右一对多', 'tree-many', '', '系统管理员(system)', '2020-11-09 11:52:11', '系统管理员(system)', '2020-11-09 11:52:11', '0');
INSERT INTO sys_dict_item (id, dict_type_id, name, value, remarks, create_by, create_date, update_by, update_date, del_flag) VALUES ('8053', '5001', 'File', 'byte[]', '', '系统管理员', '2019-08-23 08:25:38', '超级管理员(super)', '2023-01-06 18:20:42', '0');
INSERT INTO sys_dict_item (id, dict_type_id, name, value, remarks, create_by, create_date, update_by, update_date, del_flag) VALUES ('8055', '5004', '仅服务和接口（一对多）（api/controller/service）', 'api-many', '', '系统管理员(system)', '2020-11-09 11:52:11', '系统管理员(system)', '2020-11-09 11:52:11', '0');
INSERT INTO sys_dict_item (id, dict_type_id, name, value, remarks, create_by, create_date, update_by, update_date, del_flag) VALUES ('8056', '5004', '持久层、服务和接口（一对多）（dao/api）', 'service-many', '', '系统管理员(system)', '2020-11-09 11:52:11', '系统管理员(system)', '2020-11-09 11:52:11', '0');
INSERT INTO sys_dict_item (id, dict_type_id, name, value, remarks, create_by, create_date, update_by, update_date, del_flag) VALUES ('8057', '5002', 'In', 'in', '', '系统管理员', '2019-08-23 08:29:29', '系统管理员', '2019-08-23 08:29:29', '0');
INSERT INTO sys_dict_item (id, dict_type_id, name, value, remarks, create_by, create_date, update_by, update_date, del_flag) VALUES ('8058', '5002', 'Not In', 'not in', '', '系统管理员', '2019-08-23 08:29:29', '系统管理员', '2019-08-23 08:29:29', '0');
INSERT INTO sys_dict_item (id, dict_type_id, name, value, remarks, create_by, create_date, update_by, update_date, del_flag) VALUES ('8100', '5006', 'Custom', 'Custom', '', '超级管理员(super)', '2022-09-27 16:44:44', '超级管理员(super)', '2022-12-07 12:41:14', '0');
INSERT INTO sys_dict_item (id, dict_type_id, name, value, remarks, create_by, create_date, update_by, update_date, del_flag) VALUES ('8101', '5006', 'This', 'This', '', '超级管理员(super)', '2022-09-27 16:44:44', '超级管理员(super)', '2022-12-07 12:41:14', '0');
INSERT INTO sys_dict_item (id, dict_type_id, name, value, remarks, create_by, create_date, update_by, update_date, del_flag) VALUES ('8102', '5006', 'Money', 'java.math.BigDecimal', '', '超级管理员(super)', '2022-09-27 16:44:44', '超级管理员(super)', '2022-12-07 12:41:14', '0');
INSERT INTO sys_dict_item (id, dict_type_id, name, value, remarks, create_by, create_date, update_by, update_date, del_flag) VALUES ('8103', '5006', 'Double', 'Double', '', '超级管理员(super)', '2022-09-27 16:44:44', '超级管理员(super)', '2022-12-07 12:41:14', '0');
INSERT INTO sys_dict_item (id, dict_type_id, name, value, remarks, create_by, create_date, update_by, update_date, del_flag) VALUES ('8104', '5006', 'Float', 'Float', '', '超级管理员(super)', '2022-09-27 16:44:44', '超级管理员(super)', '2022-12-07 12:41:14', '0');
INSERT INTO sys_dict_item (id, dict_type_id, name, value, remarks, create_by, create_date, update_by, update_date, del_flag) VALUES ('8105', '5006', 'Long', 'Long', '', '超级管理员(super)', '2022-09-27 16:44:44', '超级管理员(super)', '2022-12-07 12:41:14', '0');
INSERT INTO sys_dict_item (id, dict_type_id, name, value, remarks, create_by, create_date, update_by, update_date, del_flag) VALUES ('8106', '5006', 'Integer', 'Integer', '', '超级管理员(super)', '2022-09-27 16:44:44', '超级管理员(super)', '2022-12-07 12:41:14', '0');
INSERT INTO sys_dict_item (id, dict_type_id, name, value, remarks, create_by, create_date, update_by, update_date, del_flag) VALUES ('8107', '5006', 'String', 'String', '', '超级管理员(super)', '2022-09-27 16:44:44', '超级管理员(super)', '2022-12-07 12:41:14', '0');
INSERT INTO sys_dict_item (id, dict_type_id, name, value, remarks, create_by, create_date, update_by, update_date, del_flag) VALUES ('8108', '5006', 'Boolean', 'Boolean', '', '超级管理员(super)', '2022-10-22 11:56:23', '超级管理员(super)', '2022-12-07 12:41:14', '0');
INSERT INTO sys_dict_item (id, dict_type_id, name, value, remarks, create_by, create_date, update_by, update_date, del_flag) VALUES ('8109', '5006', 'Mutilple', 'Mutilple', '', '超级管理员(super)', '2022-10-12 15:22:28', '超级管理员(super)', '2022-12-07 12:41:14', '0');
INSERT INTO sys_dict_item (id, dict_type_id, name, value, remarks, create_by, create_date, update_by, update_date, del_flag) VALUES ('8110', '5006', 'Date', 'Date', '', '超级管理员(super)', '2022-09-27 16:44:44', '超级管理员(super)', '2022-12-07 12:41:14', '0');
INSERT INTO sys_dict_item (id, dict_type_id, name, value, remarks, create_by, create_date, update_by, update_date, del_flag) VALUES ('8111', '5006', 'Time', 'Time', '', '超级管理员(super)', '2022-09-27 16:44:44', '超级管理员(super)', '2022-12-07 12:41:14', '0');
INSERT INTO sys_dict_item (id, dict_type_id, name, value, remarks, create_by, create_date, update_by, update_date, del_flag) VALUES ('8112', '5006', 'Month', 'Month', '', '超级管理员(super)', '2022-09-27 16:44:44', '超级管理员(super)', '2022-12-07 12:41:14', '0');
INSERT INTO sys_dict_item (id, dict_type_id, name, value, remarks, create_by, create_date, update_by, update_date, del_flag) VALUES ('8113', '5006', 'Code', 'Code', '', '超级管理员(super)', '2022-09-27 16:44:44', '超级管理员(super)', '2022-12-07 12:41:14', '0');
INSERT INTO sys_dict_item (id, dict_type_id, name, value, remarks, create_by, create_date, update_by, update_date, del_flag) VALUES ('8114', '5006', 'File', 'File', '', '超级管理员(super)', '2022-09-27 16:44:44', '超级管理员(super)', '2022-12-07 12:41:14', '0');
INSERT INTO sys_dict_item (id, dict_type_id, name, value, remarks, create_by, create_date, update_by, update_date, del_flag) VALUES ('8115', '5006', 'Image', 'Image', '', '超级管理员(super)', '2022-10-19 14:02:04', '超级管理员(super)', '2022-12-07 12:41:14', '0');
INSERT INTO sys_dict_item (id, dict_type_id, name, value, remarks, create_by, create_date, update_by, update_date, del_flag) VALUES ('8116', '5006', 'Password', 'Password', '', '超级管理员(super)', '2022-09-27 16:44:44', '超级管理员(super)', '2022-12-07 12:41:14', '0');
INSERT INTO sys_dict_item (id, dict_type_id, name, value, remarks, create_by, create_date, update_by, update_date, del_flag) VALUES ('778497920879657060', '5003', '自动编号', 'AutoSerial', '', '超级管理员(super)', '2021-12-29 12:43:41', '超级管理员(super)', '2022-01-18 13:55:44', '0');
INSERT INTO sys_dict_item (id, dict_type_id, name, value, remarks, create_by, create_date, update_by, update_date, del_flag) VALUES ('778721997913530390', '5003', '属性定义器', 'PropertyDef', '', '超级管理员(super)', '2021-12-29 15:31:39', '超级管理员(super)', '2022-01-18 13:55:44', '0');
INSERT INTO sys_dict_item (id, dict_type_id, name, value, remarks, create_by, create_date, update_by, update_date, del_flag) VALUES ('778721997913530391', '5003', '属性输入器', 'PropertyInput', '', '超级管理员(super)', '2021-12-29 15:31:39', '超级管理员(super)', '2022-01-18 13:55:44', '0');
INSERT INTO sys_dict_item (id, dict_type_id, name, value, remarks, create_by, create_date, update_by, update_date, del_flag) VALUES ('808330317045899267', '5003', '多文件上传', 'MultiFileUpload', '', '超级管理员(super)', '2022-01-18 13:55:44', '超级管理员(super)', '2022-01-18 13:55:44', '0');
INSERT INTO sys_dict_item (id, dict_type_id, name, value, remarks, create_by, create_date, update_by, update_date, del_flag) VALUES ('1296451185562181679', '1296451185562181677', '企微', '1', '', '超级管理员(super)', '2022-12-13 10:40:29', '系统管理员(system)', '2023-01-06 08:37:42', '0');
INSERT INTO sys_dict_item (id, dict_type_id, name, value, remarks, create_by, create_date, update_by, update_date, del_flag) VALUES ('1296451185562181680', '1296451185562181677', '短信', '2', '', '超级管理员(super)', '2022-12-13 10:40:29', '系统管理员(system)', '2023-01-06 08:37:42', '0');
INSERT INTO sys_dict_item (id, dict_type_id, name, value, remarks, create_by, create_date, update_by, update_date, del_flag) VALUES ('1296451185562181681', '1296451185562181677', '邮件', '3', '', '超级管理员(super)', '2022-12-13 10:40:29', '系统管理员(system)', '2023-01-06 08:37:42', '0');
INSERT INTO sys_dict_item (id, dict_type_id, name, value, remarks, create_by, create_date, update_by, update_date, del_flag) VALUES ('8117', '5006', 'Remote', 'Remote', '', '超级管理员(super)', '2023-03-14 14:45:20', '超级管理员(super)', '2023-03-14 14:45:21', '0');


-- 角色路由
INSERT INTO sys_router_permission (id, role_id, router_id) VALUES ('1443632464900661764', '2000', '570619064204943406');
INSERT INTO sys_router_permission (id, role_id, router_id) VALUES ('1443632464900661765', '2000', '552789263395020803');
INSERT INTO sys_router_permission (id, role_id, router_id) VALUES ('1443632464900661766', '2000', '552789263395020805');
INSERT INTO sys_router_permission (id, role_id, router_id) VALUES ('1443632464900661767', '2000', '879380741260567087');
INSERT INTO sys_router_permission (id, role_id, router_id) VALUES ('1443632464900661768', '2000', '3001');
INSERT INTO sys_router_permission (id, role_id, router_id) VALUES ('1443632464900661769', '2000', '3007');
INSERT INTO sys_router_permission (id, role_id, router_id) VALUES ('1443632464900661770', '2000', '3003');
INSERT INTO sys_router_permission (id, role_id, router_id) VALUES ('1443632464900661771', '2000', '3011');
INSERT INTO sys_router_permission (id, role_id, router_id) VALUES ('1443632464900661772', '2000', '3026');
INSERT INTO sys_router_permission (id, role_id, router_id) VALUES ('1443632464900661773', '2000', '683902640570327041');
INSERT INTO sys_router_permission (id, role_id, router_id) VALUES ('1443632464900661774', '2000', '3009');
INSERT INTO sys_router_permission (id, role_id, router_id) VALUES ('1443632464900661775', '2000', '1088842448018653184');
INSERT INTO sys_router_permission (id, role_id, router_id) VALUES ('1443632464900661776', '2000', '1371186330938556420');
INSERT INTO sys_router_permission (id, role_id, router_id) VALUES ('1443632464900661777', '2000', '1154414160417153701');
INSERT INTO sys_router_permission (id, role_id, router_id) VALUES ('1443632464900661778', '2000', '1258289971712164100');
INSERT INTO sys_router_permission (id, role_id, router_id) VALUES ('1443632464900661779', '2000', '1440433057862000642');
INSERT INTO sys_router_permission (id, role_id, router_id) VALUES ('1443632464900661780', '2000', '1351558450653388810');
INSERT INTO sys_router_permission (id, role_id, router_id) VALUES ('1443632464900661781', '2000', '1088842448018653188');
INSERT INTO sys_router_permission (id, role_id, router_id) VALUES ('1443632464900661782', '2000', '1162895604136402945');
INSERT INTO sys_router_permission (id, role_id, router_id) VALUES ('1443632464900661783', '2000', '1440433057862000646');
INSERT INTO sys_router_permission (id, role_id, router_id) VALUES ('1443632464900661784', '2000', '3004');
INSERT INTO sys_router_permission (id, role_id, router_id) VALUES ('1443632464900661939', '2001', '570619064204943406');
INSERT INTO sys_router_permission (id, role_id, router_id) VALUES ('1443632464900661940', '2001', '552789263395020803');
INSERT INTO sys_router_permission (id, role_id, router_id) VALUES ('1443632464900661941', '2001', '552789263395020805');
INSERT INTO sys_router_permission (id, role_id, router_id) VALUES ('1443632464900661942', '2001', '879380741260567087');
INSERT INTO sys_router_permission (id, role_id, router_id) VALUES ('1443632464900661943', '2001', '1368133244845719553');
INSERT INTO sys_router_permission (id, role_id, router_id) VALUES ('1443632464900661944', '2001', '1368133244845719556');
INSERT INTO sys_router_permission (id, role_id, router_id) VALUES ('1443632464900661945', '2001', '1368179321254895617');
INSERT INTO sys_router_permission (id, role_id, router_id) VALUES ('1443632464900661946', '2001', '3000');
INSERT INTO sys_router_permission (id, role_id, router_id) VALUES ('1443632464900661947', '2001', '3026');
INSERT INTO sys_router_permission (id, role_id, router_id) VALUES ('1443632464900661948', '2001', '3009');
INSERT INTO sys_router_permission (id, role_id, router_id) VALUES ('1443632464900661949', '2001', '3004');
INSERT INTO sys_router_permission (id, role_id, router_id) VALUES ('1443632464900661950', '2001', '683902640570327041');
INSERT INTO sys_router_permission (id, role_id, router_id) VALUES ('1443632464900661890', '2199', '570619064204943406');
INSERT INTO sys_router_permission (id, role_id, router_id) VALUES ('1443632464900661891', '2199', '552789263395020803');
INSERT INTO sys_router_permission (id, role_id, router_id) VALUES ('1443632464900661892', '2199', '552789263395020805');
INSERT INTO sys_router_permission (id, role_id, router_id) VALUES ('1443632464900661893', '2199', '879380741260567087');
INSERT INTO sys_router_permission (id, role_id, router_id) VALUES ('1443632464900661894', '2199', '1351558450653388810');
INSERT INTO sys_router_permission (id, role_id, router_id) VALUES ('1443632464900661895', '2199', '1088842448018653188');
INSERT INTO sys_router_permission (id, role_id, router_id) VALUES ('1443632464900661896', '2199', '1162895604136402945');
INSERT INTO sys_router_permission (id, role_id, router_id) VALUES ('1443632464900661897', '2199', '1440433057862000646');
INSERT INTO sys_router_permission (id, role_id, router_id) VALUES ('1443632464900661898', '2199', '1088842448018653184');


-- 角色资源
INSERT INTO sys_resource_permission (id, role_id, resource_id) VALUES ('1443632464900661785', '2000', '664172814948868281');
INSERT INTO sys_resource_permission (id, role_id, resource_id) VALUES ('1443632464900661786', '2000', '664172814948868282');
INSERT INTO sys_resource_permission (id, role_id, resource_id) VALUES ('1443632464900661787', '2000', '664172814948868283');
INSERT INTO sys_resource_permission (id, role_id, resource_id) VALUES ('1443632464900661788', '2000', '664172814948868284');
INSERT INTO sys_resource_permission (id, role_id, resource_id) VALUES ('1443632464900661789', '2000', '664172814948868285');
INSERT INTO sys_resource_permission (id, role_id, resource_id) VALUES ('1443632464900661790', '2000', '664172814948868305');
INSERT INTO sys_resource_permission (id, role_id, resource_id) VALUES ('1443632464900661791', '2000', '664172814948868306');
INSERT INTO sys_resource_permission (id, role_id, resource_id) VALUES ('1443632464900661792', '2000', '664172814948868307');
INSERT INTO sys_resource_permission (id, role_id, resource_id) VALUES ('1443632464900661793', '2000', '664172814948868308');
INSERT INTO sys_resource_permission (id, role_id, resource_id) VALUES ('1443632464900661794', '2000', '664172814948868309');
INSERT INTO sys_resource_permission (id, role_id, resource_id) VALUES ('1443632464900661795', '2000', '879380741260567101');
INSERT INTO sys_resource_permission (id, role_id, resource_id) VALUES ('1443632464900661796', '2000', '879380741260567103');
INSERT INTO sys_resource_permission (id, role_id, resource_id) VALUES ('1443632464900661797', '2000', '879380741260567093');
INSERT INTO sys_resource_permission (id, role_id, resource_id) VALUES ('1443632464900661798', '2000', '879380741260567095');
INSERT INTO sys_resource_permission (id, role_id, resource_id) VALUES ('1443632464900661799', '2000', '879380741260567096');
INSERT INTO sys_resource_permission (id, role_id, resource_id) VALUES ('1443632464900661800', '2000', '879380741260567097');
INSERT INTO sys_resource_permission (id, role_id, resource_id) VALUES ('1443632464900661801', '2000', '9023');
INSERT INTO sys_resource_permission (id, role_id, resource_id) VALUES ('1443632464900661802', '2000', '9015');
INSERT INTO sys_resource_permission (id, role_id, resource_id) VALUES ('1443632464900661803', '2000', '9002');
INSERT INTO sys_resource_permission (id, role_id, resource_id) VALUES ('1443632464900661804', '2000', '9026');
INSERT INTO sys_resource_permission (id, role_id, resource_id) VALUES ('1443632464900661805', '2000', '9034');
INSERT INTO sys_resource_permission (id, role_id, resource_id) VALUES ('1443632464900661806', '2000', '9014');
INSERT INTO sys_resource_permission (id, role_id, resource_id) VALUES ('1443632464900661807', '2000', '9036');
INSERT INTO sys_resource_permission (id, role_id, resource_id) VALUES ('1443632464900661808', '2000', '9039');
INSERT INTO sys_resource_permission (id, role_id, resource_id) VALUES ('1443632464900661809', '2000', '9020');
INSERT INTO sys_resource_permission (id, role_id, resource_id) VALUES ('1443632464900661810', '2000', '9021');
INSERT INTO sys_resource_permission (id, role_id, resource_id) VALUES ('1443632464900661811', '2000', '9027');
INSERT INTO sys_resource_permission (id, role_id, resource_id) VALUES ('1443632464900661812', '2000', '9042');
INSERT INTO sys_resource_permission (id, role_id, resource_id) VALUES ('1443632464900661813', '2000', '9044');
INSERT INTO sys_resource_permission (id, role_id, resource_id) VALUES ('1443632464900661814', '2000', '9048');
INSERT INTO sys_resource_permission (id, role_id, resource_id) VALUES ('1443632464900661815', '2000', '9018');
INSERT INTO sys_resource_permission (id, role_id, resource_id) VALUES ('1443632464900661816', '2000', '9029');
INSERT INTO sys_resource_permission (id, role_id, resource_id) VALUES ('1443632464900661817', '2000', '9037');
INSERT INTO sys_resource_permission (id, role_id, resource_id) VALUES ('1443632464900661818', '2000', '9005');
INSERT INTO sys_resource_permission (id, role_id, resource_id) VALUES ('1443632464900661819', '2000', '9000');
INSERT INTO sys_resource_permission (id, role_id, resource_id) VALUES ('1443632464900661820', '2000', '9047');
INSERT INTO sys_resource_permission (id, role_id, resource_id) VALUES ('1443632464900661821', '2000', '9019');
INSERT INTO sys_resource_permission (id, role_id, resource_id) VALUES ('1443632464900661822', '2000', '9016');
INSERT INTO sys_resource_permission (id, role_id, resource_id) VALUES ('1443632464900661823', '2000', '9003');
INSERT INTO sys_resource_permission (id, role_id, resource_id) VALUES ('1443632464900661824', '2000', '9024');
INSERT INTO sys_resource_permission (id, role_id, resource_id) VALUES ('1443632464900661825', '2000', '9305');
INSERT INTO sys_resource_permission (id, role_id, resource_id) VALUES ('1443632464900661826', '2000', '9306');
INSERT INTO sys_resource_permission (id, role_id, resource_id) VALUES ('1443632464900661827', '2000', '9307');
INSERT INTO sys_resource_permission (id, role_id, resource_id) VALUES ('1443632464900661828', '2000', '9308');
INSERT INTO sys_resource_permission (id, role_id, resource_id) VALUES ('1443632464900661829', '2000', '9309');
INSERT INTO sys_resource_permission (id, role_id, resource_id) VALUES ('1443632464900661830', '2000', '9310');
INSERT INTO sys_resource_permission (id, role_id, resource_id) VALUES ('1443632464900661831', '2000', '1130517735470399508');
INSERT INTO sys_resource_permission (id, role_id, resource_id) VALUES ('1443632464900661832', '2000', '683902640570327047');
INSERT INTO sys_resource_permission (id, role_id, resource_id) VALUES ('1443632464900661833', '2000', '683902640570327049');
INSERT INTO sys_resource_permission (id, role_id, resource_id) VALUES ('1443632464900661834', '2000', '683902640570327050');
INSERT INTO sys_resource_permission (id, role_id, resource_id) VALUES ('1443632464900661835', '2000', '683902640570327051');
INSERT INTO sys_resource_permission (id, role_id, resource_id) VALUES ('1443632464900661836', '2000', '683902640570327052');
INSERT INTO sys_resource_permission (id, role_id, resource_id) VALUES ('1443632464900661837', '2000', '683902640570327056');
INSERT INTO sys_resource_permission (id, role_id, resource_id) VALUES ('1443632464900661838', '2000', '9022');
INSERT INTO sys_resource_permission (id, role_id, resource_id) VALUES ('1443632464900661839', '2000', '9004');
INSERT INTO sys_resource_permission (id, role_id, resource_id) VALUES ('1443632464900661840', '2000', '9043');
INSERT INTO sys_resource_permission (id, role_id, resource_id) VALUES ('1443632464900661841', '2000', '9012');
INSERT INTO sys_resource_permission (id, role_id, resource_id) VALUES ('1443632464900661842', '2000', '1371186330938556423');
INSERT INTO sys_resource_permission (id, role_id, resource_id) VALUES ('1443632464900661843', '2000', '1371186330938556425');
INSERT INTO sys_resource_permission (id, role_id, resource_id) VALUES ('1443632464900661844', '2000', '1371186330938556426');
INSERT INTO sys_resource_permission (id, role_id, resource_id) VALUES ('1443632464900661845', '2000', '1371186330938556427');
INSERT INTO sys_resource_permission (id, role_id, resource_id) VALUES ('1443632464900661846', '2000', '1371186330938556428');
INSERT INTO sys_resource_permission (id, role_id, resource_id) VALUES ('1443632464900661847', '2000', '1371186330938556433');
INSERT INTO sys_resource_permission (id, role_id, resource_id) VALUES ('1443632464900661848', '2000', '1267118380069445667');
INSERT INTO sys_resource_permission (id, role_id, resource_id) VALUES ('1443632464900661849', '2000', '1267118380069445668');
INSERT INTO sys_resource_permission (id, role_id, resource_id) VALUES ('1443632464900661850', '2000', '1267118380069445669');
INSERT INTO sys_resource_permission (id, role_id, resource_id) VALUES ('1443632464900661851', '2000', '1267118380069445674');
INSERT INTO sys_resource_permission (id, role_id, resource_id) VALUES ('1443632464900661852', '2000', '1267118380069445676');
INSERT INTO sys_resource_permission (id, role_id, resource_id) VALUES ('1443632464900661853', '2000', '1267118380069445666');
INSERT INTO sys_resource_permission (id, role_id, resource_id) VALUES ('1443632464900661854', '2000', '1267118380069445678');
INSERT INTO sys_resource_permission (id, role_id, resource_id) VALUES ('1443632464900661855', '2000', '1267118380069445679');
INSERT INTO sys_resource_permission (id, role_id, resource_id) VALUES ('1443632464900661856', '2000', '1267118380069445680');
INSERT INTO sys_resource_permission (id, role_id, resource_id) VALUES ('1443632464900661857', '2000', '1267118380069445681');
INSERT INTO sys_resource_permission (id, role_id, resource_id) VALUES ('1443632464900661858', '2000', '1267118380069445682');
INSERT INTO sys_resource_permission (id, role_id, resource_id) VALUES ('1443632464900661859', '2000', '1267118380069445688');
INSERT INTO sys_resource_permission (id, role_id, resource_id) VALUES ('1443632464900661866', '2000', '1351558450653388819');
INSERT INTO sys_resource_permission (id, role_id, resource_id) VALUES ('1443632464900661867', '2000', '1351558450653388820');
INSERT INTO sys_resource_permission (id, role_id, resource_id) VALUES ('1443632464900661868', '2000', '1351558450653388821');
INSERT INTO sys_resource_permission (id, role_id, resource_id) VALUES ('1443632464900661869', '2000', '1351558450653388822');
INSERT INTO sys_resource_permission (id, role_id, resource_id) VALUES ('1443632464900661870', '2000', '1351558450653388826');
INSERT INTO sys_resource_permission (id, role_id, resource_id) VALUES ('1443632464900661871', '2000', '1351558450653388817');
INSERT INTO sys_resource_permission (id, role_id, resource_id) VALUES ('1443632464900661872', '2000', '1088842448018653190');
INSERT INTO sys_resource_permission (id, role_id, resource_id) VALUES ('1443632464900661873', '2000', '1088842448018653191');
INSERT INTO sys_resource_permission (id, role_id, resource_id) VALUES ('1443632464900661874', '2000', '1088842448018653192');
INSERT INTO sys_resource_permission (id, role_id, resource_id) VALUES ('1443632464900661875', '2000', '1088842448018653193');
INSERT INTO sys_resource_permission (id, role_id, resource_id) VALUES ('1443632464900661876', '2000', '1088842448018653194');
INSERT INTO sys_resource_permission (id, role_id, resource_id) VALUES ('1443632464900661877', '2000', '1088842448018653196');
INSERT INTO sys_resource_permission (id, role_id, resource_id) VALUES ('1443632464900661878', '2000', '1162895604136402947');
INSERT INTO sys_resource_permission (id, role_id, resource_id) VALUES ('1443632464900661879', '2000', '1162895604136402948');
INSERT INTO sys_resource_permission (id, role_id, resource_id) VALUES ('1443632464900661880', '2000', '1162895604136402949');
INSERT INTO sys_resource_permission (id, role_id, resource_id) VALUES ('1443632464900661881', '2000', '1162895604136402950');
INSERT INTO sys_resource_permission (id, role_id, resource_id) VALUES ('1443632464900661882', '2000', '1162895604136402951');
INSERT INTO sys_resource_permission (id, role_id, resource_id) VALUES ('1443632464900661883', '2000', '1162895604136402952');
INSERT INTO sys_resource_permission (id, role_id, resource_id) VALUES ('1443632464900661899', '2199', '664172814948868281');
INSERT INTO sys_resource_permission (id, role_id, resource_id) VALUES ('1443632464900661900', '2199', '664172814948868282');
INSERT INTO sys_resource_permission (id, role_id, resource_id) VALUES ('1443632464900661901', '2199', '664172814948868283');
INSERT INTO sys_resource_permission (id, role_id, resource_id) VALUES ('1443632464900661902', '2199', '664172814948868284');
INSERT INTO sys_resource_permission (id, role_id, resource_id) VALUES ('1443632464900661903', '2199', '664172814948868285');
INSERT INTO sys_resource_permission (id, role_id, resource_id) VALUES ('1443632464900661904', '2199', '664172814948868305');
INSERT INTO sys_resource_permission (id, role_id, resource_id) VALUES ('1443632464900661905', '2199', '664172814948868306');
INSERT INTO sys_resource_permission (id, role_id, resource_id) VALUES ('1443632464900661906', '2199', '664172814948868307');
INSERT INTO sys_resource_permission (id, role_id, resource_id) VALUES ('1443632464900661907', '2199', '664172814948868308');
INSERT INTO sys_resource_permission (id, role_id, resource_id) VALUES ('1443632464900661908', '2199', '664172814948868309');
INSERT INTO sys_resource_permission (id, role_id, resource_id) VALUES ('1443632464900661909', '2199', '879380741260567101');
INSERT INTO sys_resource_permission (id, role_id, resource_id) VALUES ('1443632464900661910', '2199', '879380741260567103');
INSERT INTO sys_resource_permission (id, role_id, resource_id) VALUES ('1443632464900661911', '2199', '879380741260567093');
INSERT INTO sys_resource_permission (id, role_id, resource_id) VALUES ('1443632464900661912', '2199', '879380741260567095');
INSERT INTO sys_resource_permission (id, role_id, resource_id) VALUES ('1443632464900661913', '2199', '879380741260567096');
INSERT INTO sys_resource_permission (id, role_id, resource_id) VALUES ('1443632464900661914', '2199', '879380741260567097');
INSERT INTO sys_resource_permission (id, role_id, resource_id) VALUES ('1443632464900661915', '2199', '1351558450653388819');
INSERT INTO sys_resource_permission (id, role_id, resource_id) VALUES ('1443632464900661916', '2199', '1351558450653388820');
INSERT INTO sys_resource_permission (id, role_id, resource_id) VALUES ('1443632464900661917', '2199', '1351558450653388821');
INSERT INTO sys_resource_permission (id, role_id, resource_id) VALUES ('1443632464900661918', '2199', '1351558450653388822');
INSERT INTO sys_resource_permission (id, role_id, resource_id) VALUES ('1443632464900661919', '2199', '1351558450653388826');
INSERT INTO sys_resource_permission (id, role_id, resource_id) VALUES ('1443632464900661920', '2199', '1351558450653388817');
INSERT INTO sys_resource_permission (id, role_id, resource_id) VALUES ('1443632464900661921', '2199', '1088842448018653190');
INSERT INTO sys_resource_permission (id, role_id, resource_id) VALUES ('1443632464900661922', '2199', '1088842448018653191');
INSERT INTO sys_resource_permission (id, role_id, resource_id) VALUES ('1443632464900661923', '2199', '1088842448018653192');
INSERT INTO sys_resource_permission (id, role_id, resource_id) VALUES ('1443632464900661924', '2199', '1088842448018653193');
INSERT INTO sys_resource_permission (id, role_id, resource_id) VALUES ('1443632464900661925', '2199', '1088842448018653194');
INSERT INTO sys_resource_permission (id, role_id, resource_id) VALUES ('1443632464900661926', '2199', '1088842448018653196');
INSERT INTO sys_resource_permission (id, role_id, resource_id) VALUES ('1443632464900661927', '2199', '1162895604136402947');
INSERT INTO sys_resource_permission (id, role_id, resource_id) VALUES ('1443632464900661928', '2199', '1162895604136402948');
INSERT INTO sys_resource_permission (id, role_id, resource_id) VALUES ('1443632464900661929', '2199', '1162895604136402949');
INSERT INTO sys_resource_permission (id, role_id, resource_id) VALUES ('1443632464900661930', '2199', '1162895604136402950');
INSERT INTO sys_resource_permission (id, role_id, resource_id) VALUES ('1443632464900661931', '2199', '1162895604136402951');
INSERT INTO sys_resource_permission (id, role_id, resource_id) VALUES ('1443632464900661932', '2199', '1162895604136402952');
INSERT INTO sys_resource_permission (id, role_id, resource_id) VALUES ('1443632464900661951', '2001', '664172814948868281');
INSERT INTO sys_resource_permission (id, role_id, resource_id) VALUES ('1443632464900661952', '2001', '664172814948868282');
INSERT INTO sys_resource_permission (id, role_id, resource_id) VALUES ('1443632464900661953', '2001', '664172814948868283');
INSERT INTO sys_resource_permission (id, role_id, resource_id) VALUES ('1443632464900661954', '2001', '664172814948868284');
INSERT INTO sys_resource_permission (id, role_id, resource_id) VALUES ('1443632464900661955', '2001', '664172814948868285');
INSERT INTO sys_resource_permission (id, role_id, resource_id) VALUES ('1443632464900661956', '2001', '664172814948868305');
INSERT INTO sys_resource_permission (id, role_id, resource_id) VALUES ('1443632464900661957', '2001', '664172814948868306');
INSERT INTO sys_resource_permission (id, role_id, resource_id) VALUES ('1443632464900661958', '2001', '664172814948868307');
INSERT INTO sys_resource_permission (id, role_id, resource_id) VALUES ('1443632464900661959', '2001', '664172814948868308');
INSERT INTO sys_resource_permission (id, role_id, resource_id) VALUES ('1443632464900661960', '2001', '664172814948868309');
INSERT INTO sys_resource_permission (id, role_id, resource_id) VALUES ('1443632464900661961', '2001', '879380741260567101');
INSERT INTO sys_resource_permission (id, role_id, resource_id) VALUES ('1443632464900661962', '2001', '879380741260567103');
INSERT INTO sys_resource_permission (id, role_id, resource_id) VALUES ('1443632464900661963', '2001', '879380741260567093');
INSERT INTO sys_resource_permission (id, role_id, resource_id) VALUES ('1443632464900661964', '2001', '879380741260567095');
INSERT INTO sys_resource_permission (id, role_id, resource_id) VALUES ('1443632464900661965', '2001', '879380741260567096');
INSERT INTO sys_resource_permission (id, role_id, resource_id) VALUES ('1443632464900661966', '2001', '879380741260567097');
INSERT INTO sys_resource_permission (id, role_id, resource_id) VALUES ('1443632464900661967', '2001', '1368150871391518730');
INSERT INTO sys_resource_permission (id, role_id, resource_id) VALUES ('1443632464900661968', '2001', '1368150871391518720');
INSERT INTO sys_resource_permission (id, role_id, resource_id) VALUES ('1443632464900661969', '2001', '1368150871391518721');
INSERT INTO sys_resource_permission (id, role_id, resource_id) VALUES ('1443632464900661970', '2001', '1368150871391518722');
INSERT INTO sys_resource_permission (id, role_id, resource_id) VALUES ('1443632464900661971', '2001', '1368150871391518723');
INSERT INTO sys_resource_permission (id, role_id, resource_id) VALUES ('1443632464900661972', '2001', '1368150871391518728');
INSERT INTO sys_resource_permission (id, role_id, resource_id) VALUES ('1443632464900661973', '2001', '1368179321254895620');
INSERT INTO sys_resource_permission (id, role_id, resource_id) VALUES ('1443632464900661974', '2001', '1368179321254895622');
INSERT INTO sys_resource_permission (id, role_id, resource_id) VALUES ('1443632464900661975', '2001', '1368179321254895623');
INSERT INTO sys_resource_permission (id, role_id, resource_id) VALUES ('1443632464900661976', '2001', '1368179321254895624');
INSERT INTO sys_resource_permission (id, role_id, resource_id) VALUES ('1443632464900661977', '2001', '1368179321254895625');
INSERT INTO sys_resource_permission (id, role_id, resource_id) VALUES ('1443632464900661978', '2001', '1368179321254895630');
INSERT INTO sys_resource_permission (id, role_id, resource_id) VALUES ('1443632464900661979', '2001', '9006');
INSERT INTO sys_resource_permission (id, role_id, resource_id) VALUES ('1443632464900661980', '2001', '9049');
INSERT INTO sys_resource_permission (id, role_id, resource_id) VALUES ('1443632464900661981', '2001', '9031');
INSERT INTO sys_resource_permission (id, role_id, resource_id) VALUES ('1443632464900661982', '2001', '9052');
INSERT INTO sys_resource_permission (id, role_id, resource_id) VALUES ('1443632464900661983', '2001', '9001');
INSERT INTO sys_resource_permission (id, role_id, resource_id) VALUES ('1443632464900661984', '2001', '9010');
INSERT INTO sys_resource_permission (id, role_id, resource_id) VALUES ('1443632464900661985', '2001', '9305');
INSERT INTO sys_resource_permission (id, role_id, resource_id) VALUES ('1443632464900661986', '2001', '9306');
INSERT INTO sys_resource_permission (id, role_id, resource_id) VALUES ('1443632464900661987', '2001', '9307');
INSERT INTO sys_resource_permission (id, role_id, resource_id) VALUES ('1443632464900661988', '2001', '9308');
INSERT INTO sys_resource_permission (id, role_id, resource_id) VALUES ('1443632464900661989', '2001', '9309');
INSERT INTO sys_resource_permission (id, role_id, resource_id) VALUES ('1443632464900661990', '2001', '9310');
INSERT INTO sys_resource_permission (id, role_id, resource_id) VALUES ('1443632464900661991', '2001', '1130517735470399508');
INSERT INTO sys_resource_permission (id, role_id, resource_id) VALUES ('1443632464900661992', '2001', '683902640570327047');
INSERT INTO sys_resource_permission (id, role_id, resource_id) VALUES ('1443632464900661993', '2001', '683902640570327049');
INSERT INTO sys_resource_permission (id, role_id, resource_id) VALUES ('1443632464900661994', '2001', '683902640570327050');
INSERT INTO sys_resource_permission (id, role_id, resource_id) VALUES ('1443632464900661995', '2001', '683902640570327051');
INSERT INTO sys_resource_permission (id, role_id, resource_id) VALUES ('1443632464900661996', '2001', '683902640570327052');
INSERT INTO sys_resource_permission (id, role_id, resource_id) VALUES ('1443632464900661997', '2001', '9022');
INSERT INTO sys_resource_permission (id, role_id, resource_id) VALUES ('1443632464900661998', '2001', '9004');
INSERT INTO sys_resource_permission (id, role_id, resource_id) VALUES ('1443632464900661999', '2001', '9043');
INSERT INTO sys_resource_permission (id, role_id, resource_id) VALUES ('1443632464900662000', '2001', '9012');


-- 系统主题
INSERT INTO sys_theme (id, name, theme, is_default, remarks, create_by, create_date, update_by, update_date, del_flag) VALUES ('532442783541223425', '孔雀蓝', '{"theme":"#018CB7","headerColor":"rgb(1, 140, 183)","sidebarColor":"rgb(0, 0, 0)","backgroundColor":"rgb(242, 252, 255)","style":"up-down","size":"mini","fixedHeader":true,"showLogo":true,"showTagsView":false,"datetime":1626426112814}', '1', '', '系统管理员(system)', '2021-07-16 17:03:19', '系统管理员(system)', '2021-07-20 13:50:29', '0');
INSERT INTO sys_theme (id, name, theme, is_default, remarks, create_by, create_date, update_by, update_date, del_flag) VALUES ('532442783541223450', '青草绿', '{"theme":"#11A983","headerColor":"rgb(17, 169, 131)","sidebarColor":"rgb(0, 0, 0)","backgroundColor":"rgb(248, 255, 253)","style":"left-right","size":"mini","fixedHeader":true,"showLogo":true,"showTagsView":false,"datetime":1626426112814}', '0', '', '系统管理员(system)', '2021-07-16 17:29:29', '系统管理员(system)', '2021-07-17 16:30:43', '0');
INSERT INTO sys_theme (id, name, theme, is_default, remarks, create_by, create_date, update_by, update_date, del_flag) VALUES ('533479657365979503', '中国红', '{"theme":"#b62719","headerColor":"rgb(198, 7, 0)","sidebarColor":"rgb(0, 0, 0)","backgroundColor":"rgb(255, 246, 246)","style":"up-down","size":"mini","fixedHeader":true,"showLogo":true,"showTagsView":false,"datetime":1626426112814}', '0', '', '系统管理员(system)', '2021-07-17 16:12:55', '系统管理员(system)', '2021-07-17 16:30:12', '0');
INSERT INTO sys_theme (id, name, theme, is_default, remarks, create_by, create_date, update_by, update_date, del_flag) VALUES ('537966369182081163', '科技黑', '{"theme":"#3d485d","headerColor":"rgb(26, 30, 38)","sidebarColor":"rgb(36, 41, 51)","backgroundColor":"rgb(252, 252, 252)","style":"up-down","size":"mini","fixedHeader":true,"showLogo":true,"showTagsView":false,"datetime":1626426112814}', '0', '', '系统管理员(system)', '2021-07-20 13:36:12', '系统管理员(system)', '2021-07-20 13:36:12', '0');
INSERT INTO sys_theme (id, name, theme, is_default, remarks, create_by, create_date, update_by, update_date, del_flag) VALUES ('537966369182081165', '极简白', '{"theme":"#409EFF","headerColor":"rgb(255, 255, 255)","sidebarColor":"rgb(245, 244, 244)","backgroundColor":"rgb(255, 255, 255)","style":"up-down","size":"mini","fixedHeader":true,"showLogo":true,"showTagsView":false,"datetime":1626426112814}', '0', '', '系统管理员(system)', '2021-07-20 13:40:21', '系统管理员(system)', '2021-07-20 13:50:02', '0');


-- 系统设置
INSERT INTO sys_seting (id, sys_name, sys_abbrname, login_bgcolor, login_layout, project_logo, login_logo, sys_logo, favicon, login_bg, login_graph, remarks, create_by, create_date, update_by, update_date, del_flag) VALUES ('613672228698857510', '新致开发者平台', '开发者平台', 'rgb(244, 244, 244)', 'simple-center', '1', '2', '3', '4', '5', '6', '', '系统管理员(system)', '2021-09-09 10:51:40', '超级管理员(super)', '2021-09-15 16:10:32', '0');


-- 附件表
INSERT INTO sys_file (id, object_id, name, file_type, file_size, file_url, remarks, create_by, create_date, update_by, update_date, del_flag) VALUES ('1', '613672228698857510', 'projectLogo.png', 'image/png', '8839', '', '', '系统管理员(system)', '2021-09-09 10:51:40', 'kaka(wkk)', '2021-09-10 17:27:32', '0');
INSERT INTO sys_file (id, object_id, name, file_type, file_size, file_url, remarks, create_by, create_date, update_by, update_date, del_flag) VALUES ('2', '613672228698857510', 'loginLogo.png', 'image/png', '10579', '', '', '系统管理员(system)', '2021-09-09 10:51:40', 'kaka(wkk)', '2021-09-10 15:45:02', '0');
INSERT INTO sys_file (id, object_id, name, file_type, file_size, file_url, remarks, create_by, create_date, update_by, update_date, del_flag) VALUES ('3', '613672228698857510', 'sysLogo.png', 'image/png', '8839', '', '', '系统管理员(system)', '2021-09-09 10:51:40', '超级管理员(super)', '2021-09-15 16:10:31', '0');
INSERT INTO sys_file (id, object_id, name, file_type, file_size, file_url, remarks, create_by, create_date, update_by, update_date, del_flag) VALUES ('4', '613672228698857510', 'favicon.ico', 'image/vnd.microsoft.icon', '1150', '', '', '系统管理员(system)', '2021-09-09 10:51:40', '超级管理员(super)', '2021-09-15 16:10:32', '0');
INSERT INTO sys_file (id, object_id, name, file_type, file_size, file_url, remarks, create_by, create_date, update_by, update_date, del_flag) VALUES ('5', '613672228698857510', 'loginBg.jpg', 'image/jpeg', '604080', '', '', '系统管理员(system)', '2021-09-09 10:51:41', 'kaka(wkk)', '2021-09-10 17:29:26', '0');
INSERT INTO sys_file (id, object_id, name, file_type, file_size, file_url, remarks, create_by, create_date, update_by, update_date, del_flag) VALUES ('6', '613672228698857510', 'loginGraph.jpg', 'image/jpeg', '159585', '', '', '系统管理员(system)', '2021-09-09 10:51:41', 'kaka(wkk)', '2021-09-10 17:32:47', '0');


-- 数据库类型
INSERT INTO sys_db_type (id, name, driver, rule, remarks, create_by, create_date, update_by, update_date, del_flag) VALUES ('1', 'Mysql5.7', 'com.mysql.jdbc.Driver', 'jdbc:mysql://{{dbIp}}:{{dbPort}}/{{dbName}}', '', '超级管理员(super)', '2023-02-01 18:42:02', '超级管理员(super)', '2023-02-02 14:16:38', '0');
INSERT INTO sys_db_type (id, name, driver, rule, remarks, create_by, create_date, update_by, update_date, del_flag) VALUES ('2', 'oracle', 'oracle.jdbc.driver.OracleDriver', 'jdbc:oracle:thin:@{{dbIp}}:{{dbPort}}:{{dbName}}', '', '超级管理员(super)', '2023-02-01 18:42:36', '超级管理员(super)', '2023-02-02 14:17:47', '0');
INSERT INTO sys_db_type (id, name, driver, rule, remarks, create_by, create_date, update_by, update_date, del_flag) VALUES ('3', 'sqlserver', 'com.microsoft.sqlserver.jdbc.SQLServerDriver', 'jdbc:sqlserver://{{dbIp}}:{{dbPort}};DatabaseName={{dbName}}', '', '超级管理员(super)', '2023-02-01 18:43:04', '超级管理员(super)', '2023-02-02 14:18:05', '0');


-- 项目
INSERT INTO prj_project (id, user_id, name, db_username, db_password, db_url, db_type_id, db_ip, db_port, db_name, cloud_name, status, multil_ten, remarks, create_by, create_date, update_by, update_date, del_flag) VALUES ('10000000', '1000', '组织架构应用管理', 'root', 'aTze0ubeJisUbDKB', 'jdbc:mysql://192.168.0.4:3306/dev_organisation_cloud', '1', '192.168.0.4', '3306', 'dev_organisation_cloud', 'cloud-geeke-organisation', '0', '0', '', '超级管理员(super)', '2023-03-16 11:24:04', '超级管理员(super)', '2023-03-16 11:25:09', '0');
INSERT INTO prj_project (id, user_id, name, db_username, db_password, db_url, db_type_id, db_ip, db_port, db_name, cloud_name, status, multil_ten, remarks, create_by, create_date, update_by, update_date, del_flag) VALUES ('20000000', '1000', '微服务代码框架', 'root', 'aTze0ubeJisUbDKB', 'jdbc:mysql://192.168.0.4:3306/devp_cloud', '1', '192.168.0.4', '3306', 'devp_cloud', '', '0', '1', '', '超级管理员(super)', '2023-03-01 11:06:13', '超级管理员(super)', '2023-03-01 15:09:07', '0');
INSERT INTO prj_project (id, user_id, name, db_username, db_password, db_url, db_type_id, db_ip, db_port, db_name, cloud_name, status, multil_ten, remarks, create_by, create_date, update_by, update_date, del_flag) VALUES ('30000000', '1000', '空工程', 'root', 'aTze0ubeJisUbDKB', 'jdbc:mysql://192.168.0.4:3306/dcode_example', '1', '192.168.0.4', '3306', 'devp_cloud', 'cloud-geeke-devtool', '0', '0', '', '超级管理员(super)', '2023-03-22 10:37:39', '超级管理员(super)', '2023-03-22 10:37:39', '0');
INSERT INTO prj_project (id, user_id, name, db_username, db_password, db_url, db_type_id, db_ip, db_port, db_name, cloud_name, status, multil_ten, remarks, create_by, create_date, update_by, update_date, del_flag) VALUES ('88888888', '1000', '低代码开发平台', 'root', 'aTze0ubeJisUbDKB', 'jdbc:mysql://192.168.0.4:3306/devp_cloud', '1', '192.168.0.4', '3306', 'devp_cloud', 'cloud-geeke-devtool', '0', '0', '', '系统管理员(system)', '2023-01-19 15:04:48', '超级管理员(super)', '2023-03-16 11:24:35', '0');


-- 项目成员
INSERT INTO prj_member (id, project_id, user_id, remarks, create_by, create_date, update_by, update_date, del_flag) VALUES ('1351558450653389088', '88888888', '1000', '', '系统管理员(system)', '2023-01-19 15:04:48', '超级管理员(super)', '2023-03-16 11:24:35', '0');
INSERT INTO prj_member (id, project_id, user_id, remarks, create_by, create_date, update_by, update_date, del_flag) VALUES ('1412285886607327236', '20000000', '1000', '', '超级管理员(super)', '2023-03-01 11:06:13', '超级管理员(super)', '2023-03-01 15:09:07', '0');
INSERT INTO prj_member (id, project_id, user_id, remarks, create_by, create_date, update_by, update_date, del_flag) VALUES ('1434573141921882114', '10000000', '1000', '', '超级管理员(super)', '2023-03-16 11:24:04', '超级管理员(super)', '2023-03-16 11:25:09', '0');
INSERT INTO prj_member (id, project_id, user_id, remarks, create_by, create_date, update_by, update_date, del_flag) VALUES ('1443419846839615587', '30000000', '1000', '', '超级管理员(super)', '2023-03-22 10:37:39', '超级管理员(super)', '2023-03-22 10:37:39', '0');


SET SESSION FOREIGN_KEY_CHECKS=1;